-- phpMyAdmin SQL Dump
-- version 3.2.2.1deb1
-- http://www.phpmyadmin.net
--
-- Хост: localhost
-- Время создания: Окт 23 2012 г., 17:03
-- Версия сервера: 5.1.63
-- Версия PHP: 5.2.10-2ubuntu6.7

SET SQL_MODE="NO_AUTO_VALUE_ON_ZERO";


/*!40101 SET @OLD_CHARACTER_SET_CLIENT=@@CHARACTER_SET_CLIENT */;
/*!40101 SET @OLD_CHARACTER_SET_RESULTS=@@CHARACTER_SET_RESULTS */;
/*!40101 SET @OLD_COLLATION_CONNECTION=@@COLLATION_CONNECTION */;
/*!40101 SET NAMES utf8 */;

--
-- База данных: `medicine`
--

-- --------------------------------------------------------

--
-- Структура таблицы `parameters`
--

CREATE TABLE IF NOT EXISTS `parameters` (
  `id` int(11) NOT NULL AUTO_INCREMENT,
  `value` varchar(10) DEFAULT NULL,
  `closed` tinyint(1) DEFAULT '0',
  `sent` tinyint(1) DEFAULT '0',
  `date` timestamp NOT NULL DEFAULT CURRENT_TIMESTAMP ON UPDATE CURRENT_TIMESTAMP,
  `parameter_type_id` int(11) NOT NULL,
  `patient_id` int(11) NOT NULL,
  `preparation_id` int(11) NOT NULL,
  `parameter_norm_id` int(11) NOT NULL,
  PRIMARY KEY (`id`),
  KEY `parameter_types_id_FK_1` (`parameter_type_id`),
  KEY `parameter_types_id_FK_2` (`patient_id`),
  KEY `preparation_id_FK_2` (`preparation_id`),
  KEY `parameter_types_id_FK_6` (`parameter_norm_id`)
) ENGINE=InnoDB  DEFAULT CHARSET=utf8 AUTO_INCREMENT=35 ;

--
-- Дамп данных таблицы `parameters`
--

INSERT INTO `parameters` (`id`, `value`, `closed`, `sent`, `date`, `parameter_type_id`, `patient_id`, `preparation_id`, `parameter_norm_id`) VALUES
(3, '50', 1, NULL, '2012-10-01 00:00:00', 3, 80, 6, 1),
(6, '30', NULL, NULL, '2011-10-10 00:00:00', 2, 80, 8, 1),
(7, '60', NULL, NULL, '2006-06-11 00:00:00', 3, 80, 9, 1),
(8, '65', NULL, NULL, '2007-03-11 00:00:00', 3, 80, 15, 1),
(9, '70', NULL, NULL, '2012-02-11 00:00:00', 3, 80, 16, 1),
(11, '80', NULL, NULL, '2012-10-22 00:00:00', 2, 80, 17, 1),
(12, '22', NULL, NULL, '2009-07-11 00:00:00', 3, 80, 19, 1),
(13, '30', NULL, NULL, '2009-09-11 00:00:00', 3, 80, 20, 1),
(14, '35', NULL, NULL, '2008-12-11 00:00:00', 3, 80, 21, 1),
(15, '40', NULL, NULL, '2008-11-11 00:00:00', 3, 80, 22, 1),
(16, '45', NULL, NULL, '2012-10-23 15:37:42', 2, 80, 23, 1),
(17, '50', NULL, NULL, '2002-07-11 00:00:00', 3, 80, 24, 1),
(18, '60', NULL, NULL, '2001-01-11 00:00:00', 3, 80, 25, 1),
(19, '76', NULL, NULL, '2000-02-11 00:00:00', 3, 80, 26, 1),
(20, '90', NULL, NULL, '1999-03-11 00:00:00', 3, 80, 27, 1),
(21, '100', NULL, NULL, '2012-10-23 15:38:01', 2, 80, 28, 1),
(22, '110', NULL, NULL, '2012-10-23 15:38:11', 2, 80, 29, 1),
(23, '79', NULL, NULL, '2010-02-11 00:00:00', 3, 80, 30, 1),
(24, '89', NULL, NULL, '2010-01-11 00:00:00', 3, 80, 31, 1),
(25, '69', NULL, NULL, '2006-02-11 00:00:00', 3, 80, 32, 1),
(26, '29', NULL, NULL, '2006-03-11 00:00:00', 3, 80, 33, 1),
(27, '36', NULL, NULL, '2005-04-11 00:00:00', 3, 80, 34, 1),
(28, '48', NULL, NULL, '2005-05-11 00:00:00', 3, 80, 34, 1),
(29, '56', NULL, NULL, '2004-08-11 00:00:00', 3, 80, 35, 1),
(30, '54', NULL, NULL, '2003-09-11 00:00:00', 3, 80, 36, 1),
(31, '26', NULL, NULL, '2003-10-11 00:00:00', 3, 80, 37, 1),
(32, '90', NULL, NULL, '2003-11-11 00:00:00', 3, 80, 38, 1),
(33, '28', NULL, NULL, '2002-12-11 00:00:00', 3, 80, 39, 1),
(34, '50', NULL, NULL, '2002-01-11 00:00:00', 3, 80, 40, 1);

-- --------------------------------------------------------

--
-- Структура таблицы `parameter_norms`
--

CREATE TABLE IF NOT EXISTS `parameter_norms` (
  `id` int(11) NOT NULL AUTO_INCREMENT,
  `start_norm` int(11) NOT NULL,
  `end_norm` int(11) NOT NULL,
  `below_start_norm` int(11) NOT NULL,
  `below_end_norm` int(11) NOT NULL,
  `above_start_norm` int(11) NOT NULL,
  `above_end_norm` int(11) NOT NULL,
  `patient_id` int(11) NOT NULL,
  `parameter_types_id` int(11) NOT NULL,
  PRIMARY KEY (`id`),
  KEY `patient_id_FK_4` (`patient_id`),
  KEY `parameter_types_id_FK_5` (`parameter_types_id`)
) ENGINE=InnoDB  DEFAULT CHARSET=utf8 AUTO_INCREMENT=2 ;

--
-- Дамп данных таблицы `parameter_norms`
--

INSERT INTO `parameter_norms` (`id`, `start_norm`, `end_norm`, `below_start_norm`, `below_end_norm`, `above_start_norm`, `above_end_norm`, `patient_id`, `parameter_types_id`) VALUES
(1, 57, 66, 30, 56, 66, 120, 80, 3);

-- --------------------------------------------------------

--
-- Структура таблицы `parameter_types`
--

CREATE TABLE IF NOT EXISTS `parameter_types` (
  `id` int(11) NOT NULL AUTO_INCREMENT,
  `name` varchar(120) NOT NULL,
  `code` varchar(120) DEFAULT NULL,
  PRIMARY KEY (`id`)
) ENGINE=InnoDB  DEFAULT CHARSET=utf8 AUTO_INCREMENT=4 ;

--
-- Дамп данных таблицы `parameter_types`
--

INSERT INTO `parameter_types` (`id`, `name`, `code`) VALUES
(1, 'Холестерин', 'holesterin'),
(2, 'Сахар', 'sugar'),
(3, 'Пульс', 'pulse');

-- --------------------------------------------------------

--
-- Структура таблицы `patients`
--

CREATE TABLE IF NOT EXISTS `patients` (
  `id` int(11) NOT NULL AUTO_INCREMENT,
  `first_name` varchar(300) NOT NULL,
  `last_name` varchar(120) DEFAULT NULL,
  `patronymic` varchar(120) DEFAULT NULL,
  `sex` varchar(1) DEFAULT NULL,
  `document` text,
  `address` text NOT NULL,
  `phone` varchar(50) DEFAULT NULL,
  `mobile_phone` varchar(30) DEFAULT NULL,
  `mobile_phone_second` varchar(30) DEFAULT NULL,
  `desease` text,
  `date_birth` date NOT NULL,
  PRIMARY KEY (`id`)
) ENGINE=InnoDB  DEFAULT CHARSET=utf8 AUTO_INCREMENT=111 ;

--
-- Дамп данных таблицы `patients`
--

INSERT INTO `patients` (`id`, `first_name`, `last_name`, `patronymic`, `sex`, `document`, `address`, `phone`, `mobile_phone`, `mobile_phone_second`, `desease`, `date_birth`) VALUES
(30, 'Александр', 'Берсеньев', 'Георгиевич', 'М', '450900552', 'г. Москва', '1129248000000', '', '', 'грипп', '2001-10-17'),
(45, 'Алексей', 'Кондратьев', 'Андреевич', 'М', '45089625', 'г. Омск', '1243814400000', '', '', '', '0000-00-00'),
(50, 'Артем', 'Троицкий', 'Анатольевич', 'М', '4850852', 'г. Омск', '1259625600000', '', '', '', '0000-00-00'),
(80, 'Иван', 'Проскурин', 'Исинбаевич', '', '', '', '1277942400000', '', '', '', '1970-10-16'),
(81, 'Андройд', 'Ластоногих', 'Борисович', 'М', '45', 'Омск', '', '', '', 'заболелый', '1987-01-01');

-- --------------------------------------------------------

--
-- Структура таблицы `plans`
--

CREATE TABLE IF NOT EXISTS `plans` (
  `id` int(11) NOT NULL AUTO_INCREMENT,
  `title` varchar(300) DEFAULT NULL,
  `date` timestamp NOT NULL DEFAULT CURRENT_TIMESTAMP ON UPDATE CURRENT_TIMESTAMP,
  `patient_id` int(11) NOT NULL,
  `preparation_id` int(11) NOT NULL,
  `date_from` timestamp NOT NULL DEFAULT '0000-00-00 00:00:00',
  `date_to` timestamp NOT NULL DEFAULT '0000-00-00 00:00:00',
  `contraindications` text,
  PRIMARY KEY (`id`),
  KEY `parameter_types_id_FK_7` (`patient_id`),
  KEY `patient_id_FK_8` (`preparation_id`)
) ENGINE=InnoDB  DEFAULT CHARSET=utf8 AUTO_INCREMENT=3 ;

--
-- Дамп данных таблицы `plans`
--

INSERT INTO `plans` (`id`, `title`, `date`, `patient_id`, `preparation_id`, `date_from`, `date_to`, `contraindications`) VALUES
(1, 'сделать ЭКГ', '2012-10-23 13:19:48', 80, 1, '2012-11-23 00:00:00', '2012-12-20 00:00:00', 'Противопоказания'),
(2, 'вызвать на осмотр к окулисту', '2012-10-23 13:58:23', 81, 79, '2012-11-23 00:00:00', '2012-12-23 00:00:00', 'Запрещен просмотр телевизора и игра на компьютере в ограниченном количестве');

-- --------------------------------------------------------

--
-- Структура таблицы `preparations`
--

CREATE TABLE IF NOT EXISTS `preparations` (
  `id` int(11) NOT NULL AUTO_INCREMENT,
  `name` varchar(200) NOT NULL,
  `code` varchar(200) DEFAULT NULL,
  PRIMARY KEY (`id`)
) ENGINE=InnoDB  DEFAULT CHARSET=utf8 AUTO_INCREMENT=2859 ;

--
-- Дамп данных таблицы `preparations`
--

INSERT INTO `preparations` (`id`, `name`, `code`) VALUES
(1, 'Анальгин', 'analgin'),
(2, 'Бисептол', 'biseptol'),
(6, 'Азота закись', 'Nitrogenium oxydulatum'),
(8, 'Гексенал', 'Hexenalum'),
(9, 'Тиопентал натрия', 'Thiopentalum natrium'),
(15, 'Нитразепам', 'Nitrazepamum'),
(16, 'Флунитразепам', 'Flunitrazepam'),
(17, 'Триазолам', 'Triazolam'),
(18, 'Барбитал', 'Barbitalum'),
(19, 'Барбитал-натрий', 'Barbitalumnatrium'),
(20, 'Эстимал', 'Aestimalum'),
(21, 'Этаминал-натрий', 'Aethaminalum-natrium'),
(22, 'Циклобарбитал', 'Cyclobarbitalum'),
(23, 'Бромизовал', 'Bromisovalum'),
(24, 'Метаквалон', 'Methaqualonum'),
(25, 'Клометиазол', 'Clometiazole'),
(26, 'Фенобарбитал', 'Phenobaritalum'),
(27, 'Бензонал', 'Benzonalum'),
(28, 'Бензобамил', 'Benzobamilum'),
(29, 'Гексамидин', 'Hexamidinum'),
(30, 'Дифенин', 'Dipheninum'),
(31, 'Триметин', 'Trimethinum'),
(32, 'Этосуксимид', 'Ethosuximidum'),
(33, 'Пуфемид', 'Puphemidum'),
(34, 'Карбамазепин', 'Carbamazepinum'),
(35, 'Клоназепам', 'Clonazepamum'),
(36, 'Ацедипрол', 'Acediprolum'),
(37, 'Хлоракон', 'Chloraconum'),
(38, 'Метиндион', 'Methindionum'),
(39, 'Хлоралгидрат', 'Chlorali hydras'),
(40, 'Мидокалм', 'Mydocalm'),
(41, 'Баклофен', 'Baclofen'),
(42, 'Тизанидин', 'Tizanidine'),
(43, 'Аминазин', 'Aminazinum'),
(44, 'Пропазин', 'Propazinum'),
(45, 'Левомепромазин', 'Levomepromazinum'),
(46, 'Алимемазин', 'Alimemazinum'),
(47, 'Метеразин', 'Metherazinum'),
(48, 'Этаперазин', 'Aethaperazinum'),
(49, 'Френолон', 'Frenolon'),
(50, 'Трифтазин', 'Triftazinum'),
(51, 'Флуфеназин', 'Fluphenazine'),
(52, 'Флуфеназина деканоат', 'Fluphenazine decanoate'),
(53, 'Тиопроперазин', 'Thioproperazinum'),
(54, 'Пипотиазин', 'Pipotiazine'),
(55, 'Перициазин', 'Periciazine'),
(56, 'Тиоридазин', 'Thioridazinum'),
(57, 'Хлорпротиксен', 'Chlorprothixenum'),
(58, 'Галоперидол', 'Haloperidolum'),
(59, 'Трифлуперидол', 'Trifluperidolum'),
(60, 'Дроперидол', 'Droperidolum'),
(61, 'Бенперидол', 'Benperidolum'),
(62, 'Флушпирилен', 'Fluspirilenum'),
(63, 'Пимозид', 'Pimozidum'),
(64, 'Пенфлюридол', 'Penfluridolum'),
(65, 'Азалептин', 'Azaleptinum'),
(66, 'Карбидин', 'Carbidinum'),
(67, 'Сульпирид', 'Sulpiride'),
(68, 'Тиаприд', 'Tiapride'),
(69, 'Хлозепид', 'Chlozepidum'),
(70, 'Сибазон', 'Sibazonum'),
(71, 'Феназепам', 'Phenazepamum'),
(72, 'Нозепам', 'Nozepamum'),
(73, 'Лоразепам', 'Lorazepam'),
(74, 'Мезапам', 'Mezapamum'),
(75, 'Гидазепам', 'Gidazepamum'),
(76, 'Клобазам', 'Clobazam'),
(77, 'Алпразолам', 'Alprazolam'),
(78, 'Мепротан', 'Meprotanum'),
(79, 'Амизил', 'Amizylum'),
(80, 'Оксилидин', 'Oxylidinum'),
(81, 'Мебикар', 'Mebicarum'),
(82, 'Триоксазин', 'Trioxazin'),
(83, 'Грандаксин', 'Grandaxinum'),
(84, 'Корневища с корнями валерианы', 'Rhizomata cum radicibus Valerianae'),
(85, 'Валокормид', 'Valocormidum'),
(86, 'Валоседан', 'Valosedan'),
(87, 'Корвалол', 'Corvalolum'),
(88, 'Валокордин', 'Valocordin'),
(89, 'Трава пустырника', 'Herba Leonuri'),
(90, 'Трава пассифлоры', 'Herba Passiflorae'),
(91, 'Натрия бромид', 'Natrii bromidum'),
(93, 'Бромкамфора', 'Bromcamphora'),
(94, 'Ниаламид', 'Nialamidum'),
(95, 'Пиразидол', 'Pyrazidolum'),
(96, 'Тетриндол', 'Tetrindolum'),
(97, 'Инказан', 'Incazanum'),
(98, 'Бефол', 'Befolum'),
(99, 'Аурорикс', 'Aurorix'),
(100, 'Имипрамин', 'Imipraminum'),
(101, 'Десметилимипрамин', 'Desmethylimipraminum'),
(102, 'Кломипрамин', 'Clomipramine'),
(103, 'Опипрамол', 'Opipramol'),
(104, 'Амитриптилин', 'Amitriptylinum'),
(105, 'Дамилена малеинат', 'Damileni maleina'),
(106, 'Азафен', 'Azaphenum'),
(107, 'Фторацизин', 'Phthoracizinum'),
(108, 'Мапротилин', 'Maprotiline'),
(109, 'Тразодон', 'Trazodonum'),
(110, 'Флуоксетин', 'Fluoxetine'),
(111, 'Флувоксамин', 'Fluvoxamin'),
(112, 'Сиднофен', 'Sydnophenum'),
(113, 'Цефедрин', 'Cephedrinum'),
(114, 'Лития карбонат', 'Lithii carbonas'),
(115, 'Микалит', 'Micalitum'),
(116, 'Лития оксибутират', 'Lithii oxybutyras'),
(117, 'Литонит', 'Litonitum'),
(118, 'Пирацетам', 'Pyracetamum'),
(119, 'Аминалон', 'Aminalonum'),
(120, 'Натрия оксибутират', 'Natrii oxybutyras'),
(121, 'Фенибут', 'Phenibutum'),
(122, 'Пантогам', 'Pantogamum'),
(123, 'Пикамилон', 'Picamilonum'),
(124, 'Пиридитол', 'Pyriditolum'),
(125, 'Ацефен', 'Acephenum'),
(126, 'Кофеин', 'Coffeinum'),
(127, 'Кофеин-бензоат натрия', 'Coffeinum-natrii benzoas'),
(128, 'Этимизол', 'Aethimizolum'),
(129, 'Фенамин', 'Phenaminum'),
(130, 'Меридил', 'Meridilum'),
(131, 'Сиднокарб', 'Sydnocarbum'),
(132, 'Бемитил', 'Bemithylum'),
(133, 'Камфора', 'Camphora'),
(134, 'Сульфокамфокаин', 'Sulfocamphocainum'),
(135, 'Кордиамин', 'Cordiaminum'),
(136, 'Коразол', 'Corazolum'),
(137, 'Бемегрид', 'Bemegridum'),
(138, 'Лобелин', 'Lobelinum'),
(139, 'Цитизин', 'Cytisinum'),
(140, 'Анабазина гидрохлорид', 'Anabasinum hydrochloridum'),
(141, 'Стрихнин', 'Strychninum'),
(142, 'Секуринин', 'Securininum'),
(143, 'Корень женьшеня', 'Radix Ginseng'),
(144, 'Настойка Биоженьшень', 'Tinctura Bioginseng'),
(145, 'Экстракт элеутерококка жидкий', 'Extractum Eleutherococci fluidum'),
(146, 'Плод лимонника', 'Fructus Schizandrae'),
(147, 'Экстракт родиолы жидкий', 'Extractum Rhodiolae fluidum'),
(148, 'Настойка заманихи', 'Tinctura Echinopanacis'),
(149, 'Настойка аралии', 'Tinctura Araliae'),
(150, 'Настойка стеркулии', 'Tinctura Sterculiae'),
(151, 'Экстракт левзеи жидкий', 'Extractum Leuzeae fluidum'),
(152, 'Экдистен', 'Ecdistenum'),
(153, 'Сапарал', 'Saparalum'),
(154, 'Пантокрин', 'Pantocrinum'),
(155, 'Рантарин', 'Rantarinum'),
(156, 'Циклодол', 'Cyclodolum'),
(157, 'Норакин', 'Norakin'),
(158, 'Тропацин', 'Tropacinum'),
(159, 'Этпенал', 'Aethpenalum'),
(160, 'Дидепил', 'Didepil'),
(161, 'Дексетимид', 'Dexetimidum'),
(162, 'Динезин', 'Dinezinum'),
(163, 'Беллазон', 'Bellazonum'),
(164, 'Леводопа', 'Levodopum'),
(165, 'Наком', 'Nakom'),
(166, 'Мадопар', 'Madopar'),
(167, 'Мидантан', 'Midantanum'),
(168, 'Глудантан', 'Gludantanum'),
(169, 'Депренил', 'Deprenyl'),
(170, 'Морфин', 'Morphinum'),
(171, 'Морфилонг', 'Morphilongum'),
(172, 'Омнопон', 'Omnoponum'),
(173, 'Кодеин', 'Codeinum'),
(174, 'Кодеина фосфат', 'Codeini phosphas'),
(175, 'Этилморфина гидрохлорид', 'Aethylmorphini hydrochloridum'),
(176, 'Налорфин', 'Nalorphini hydrochhloridum'),
(177, 'Пентазоцин', 'Pentazocinum'),
(178, 'Нальбуфин', 'Nalbuphine'),
(179, 'Бупренорфин', 'Buprenorphine'),
(180, 'Буторфанол', 'Butorphanolum'),
(181, 'Промедол', 'Promedolum'),
(182, 'Фентанил', 'Phentanylum'),
(183, 'Лоперамид', 'Loperamidum'),
(184, 'Пиритрамид', 'Piritamidum'),
(185, 'Трамадол', 'Tramadolum'),
(186, 'Тилидин', 'Tilidium'),
(187, 'Эстоцин', 'Aesthocinum'),
(188, 'Налоксон', 'Naloxonum'),
(189, 'Налтрексон', 'Naltrexonum'),
(190, 'Антипирин', 'Antipyrinum'),
(191, 'Амидопирин', 'Amidopyrinum'),
(192, 'Анальгин', 'Analginum'),
(193, 'Фенацетин', 'Phenacetinum'),
(194, 'Парацетамол', 'Paracetamolum'),
(195, 'Ацетилсалициловая кислота', 'Acidum acetylsalicylicum'),
(196, 'Ацелизин', 'Acelysinum'),
(197, 'Натрия салицилат', 'Natrii salicylas'),
(198, 'Салициламид', 'Salicylamidum'),
(199, 'Метилсалицилат', 'Methlii salicylas'),
(200, 'Месалазин', 'Mesalazine'),
(201, 'Бутадион', 'Butadionum'),
(202, 'Трибузон', 'Tribuzonum'),
(203, 'Ибупрофен', 'Ibuprofenum'),
(204, 'Ортофен', 'Ortophenum'),
(205, 'Индометацин', 'Indometacinum'),
(206, 'Напроксен', 'Naproxenum'),
(207, 'Пироксикам', 'Piroxicam'),
(208, 'Кетопрофен', 'Ketoprofen'),
(209, 'Сулиндак', 'Sulindac'),
(210, 'Мефенаминовая кислота', 'Acidum mephenamicum'),
(211, 'Нифлумовая кислота', 'Acidum nifluminicum'),
(212, 'Дифлунисал', 'Diflunisal'),
(213, 'Диоксибензойная кислота', 'Acidum dioxybenzoicum'),
(214, 'Хлотазол', 'Chlotazolum'),
(215, 'Димексид', 'Dimexidum'),
(216, 'Мефенамина натриевая соль', 'Mefenaminum natrium'),
(217, 'Желчь медицинская консервированная', 'Chole coservata medicata'),
(218, 'Бишофит', 'Bishofit'),
(219, 'Глауцина гидрохлорид', 'Glaucini hydrochloridum'),
(220, 'Бронхолитин', 'Broncholytin'),
(221, 'Ледин', 'Ledinum'),
(222, 'Битиодин', 'Bithiodinum'),
(223, 'Либексин', 'Libexin'),
(224, 'Тусупрекс', 'Tusuprex'),
(225, 'Бутамират', 'Butamirate'),
(226, 'Апоморфин', 'Apomorphinum'),
(227, 'Тиэтилперазин', 'Thiethylperazinum'),
(228, 'Метоклопрамид', 'Metoclopramidum'),
(229, 'Бромоприд', 'Bromopride'),
(230, 'Домперидон', 'Domperidone'),
(231, 'Диметпрамид', 'Dimethpramidum'),
(232, 'Трописетрон', 'Tropisetron'),
(235, 'Ацеклидин', 'Aceclidinum'),
(236, 'Пилокарпин', 'Pilocarpinum'),
(237, 'Физостигмин', 'Physostigminum'),
(238, 'Галантамин', 'Galanthaminum'),
(239, 'Прозерин', 'Proserinum'),
(240, 'Пиридостигмина бромид', 'Pyridostigmini bromidum'),
(241, 'Оксазил', 'Oxazylum'),
(242, 'Хинолитин', 'Chinotilinum'),
(243, 'Дистигмина бромид', 'Distigmine bromide'),
(244, 'Стефаглабрина сульфат', 'Stphaglabrini sulfas'),
(245, 'Дезоксипеганина гидрохлорид', 'Desoxypeganini hydrochloridum'),
(246, 'Амиридин', 'Amiridinum'),
(247, 'Аминостигмин', 'Aminostigminum'),
(248, 'Армин', 'Arminum'),
(249, 'Дипироксим', 'Dipiroximum'),
(250, 'Аллоксим', 'Alloximum'),
(251, 'Изонитрозин', 'Izonitrozinum'),
(252, 'Диэтиксим', 'Diaethyximum'),
(253, 'Атропин', 'Atropinum'),
(254, 'Препараты красавки', 'Folia Atropae belladonnae'),
(255, 'Скополамин', 'Scopolaminum'),
(256, 'Гоматропина гидробромид', 'Homatropini hydrobromidum'),
(257, 'Листья дурмана', 'Folia Daturae stramonii'),
(258, 'Листья белены', 'Folia Hyoscyami'),
(259, 'Платифиллин', 'Platyphyllinum'),
(260, 'Спазмолитин', 'Spasmolytinum'),
(261, 'Апрофен', 'Aprophenum'),
(262, 'Арпенал', 'Arpenalum'),
(263, 'Метацин', 'Methacinum'),
(264, 'Хлорозил', 'Chlorozilum'),
(265, 'Пропантелин бромид', 'Propantheline bromide'),
(266, 'Фубромеган', 'Fubromeganum'),
(267, 'Ипратропиум бромид', 'Ipratropium bromide'),
(268, 'Тровентол', 'Troventolum'),
(269, 'Пиренцепин', 'Pirenzepine'),
(270, 'Бензогексоний', 'Benzohexonium'),
(271, 'Пентамин', 'Pentaminum'),
(272, 'Димеколин', 'Dimecolinum'),
(273, 'Имехин', 'Imechinum'),
(274, 'Гигроний', 'Hygronium'),
(275, 'Кватерон', 'Quateronum'),
(276, 'Камфоний', 'Camphonium'),
(277, 'Пахикарпин', 'Pachycarpinum'),
(278, 'Пирилен', 'Pirilenum'),
(279, 'Темехин', 'Temechinum'),
(280, 'Тубокурарин-хлорид', 'Tubocurarini chloridum'),
(281, 'Диплацин', 'Diplacinum'),
(282, 'Теркуроний', 'Tercuronium'),
(283, 'Квалидил', 'Qualidilum'),
(284, 'Диоксоний', 'Dioxonium'),
(285, 'Ардуан', 'Arduanum'),
(286, 'Векуроний бромид', 'Vecuronium bromide'),
(287, 'Атракуриум', 'Atracurium'),
(288, 'Мелликтин', 'Mellictinum'),
(290, 'Адреналин', 'Adrenalinum'),
(291, 'Норадреналина гидротартрат', 'Noradrenalini hydrotartras'),
(292, 'Мезатон', 'Mesatonum'),
(293, 'Фетанол', 'Phethanolum'),
(294, 'Эфедрин', 'Ephedrinum'),
(295, 'Дэфедрин', 'Dephedrinum'),
(296, 'Нафтизин', 'Naphthyzinum'),
(297, 'Галазолин', 'Halazolinum'),
(298, 'Изадрин', 'Isadrinum'),
(299, 'Орципреналина сульфат', 'Orciprenalini sulfas'),
(300, 'Фенотерол', 'Fenoterolum'),
(301, 'Беродуал', 'Berodual'),
(302, 'Сальбутамол', 'Salbutamolum'),
(303, 'Тербуталин', 'Terbutalin'),
(304, 'Гексопреналин', 'Hexoprenaline'),
(305, 'Добутамин', 'Dobutaminum'),
(306, 'Дигидроэрготамин', 'Dihydroergotaminum'),
(307, 'Дигидроэрготоксин', 'Dihydroergotoxinum'),
(308, 'Синепрес', 'Sinepres'),
(309, 'Ницерголин', 'Nicergoline'),
(310, 'Фентоламин', 'Phentolaminum'),
(311, 'Тропафен', 'Tropaphenum'),
(312, 'Пирроксан', 'Pyrroxanum'),
(313, 'Бутироксан', 'Butiroxanum'),
(314, 'Празозин', 'Prazosinum'),
(315, 'Анаприлин', 'Anaprilinum'),
(316, 'Окспренолол', 'Oxprenololum'),
(317, 'Альпренолол', 'Alprenolol'),
(318, 'Пиндолол', 'Pindololum'),
(319, 'Бопиндолол', 'Bopindolol'),
(320, 'Надолол', 'Nadolol'),
(321, 'Тимолол', 'Timololum'),
(322, 'Атенолол', 'Atenolol'),
(323, 'Метопролол', 'Metoprolol'),
(324, 'Талинолол', 'Talinololum'),
(325, 'Лабеталол', 'Labetalol'),
(326, 'Проксодолол', 'Proxodololum'),
(327, 'Дофамин', 'Dophaminum, Dofaminum'),
(328, 'Бромокриптин', 'Bromocriptinum'),
(329, 'Гистамин', 'Histaminum'),
(330, 'Гистаглобулин', 'Histaglobulinum'),
(331, 'Бетагистин', 'Betahistine'),
(332, 'Димедрол', 'Dimedrolum'),
(333, 'Дименгидринат', 'Dimenhydrinatum'),
(334, 'Фенкарол', 'Phencarolum'),
(335, 'Бикарфен', 'Bicarphenum'),
(336, 'Дипразин', 'Diprazinum'),
(337, 'Димебон', 'Dimebonum'),
(338, 'Диазолин', 'Diazolinum'),
(339, 'Супрастин', 'Suprastin'),
(340, 'Тавегил', 'Tavegil'),
(341, 'Сетастин', 'Setastine'),
(342, 'Астемизол', 'Astemizole'),
(343, 'Ципрогептадин', 'Cyproheptadinum'),
(344, 'Циметидин', 'Cimetidinum'),
(345, 'Ранитидин', 'Ranitidine'),
(346, 'Фамотидин', 'Famotidine'),
(347, 'Омепразол', 'Omeprazole'),
(348, 'Кромолин-натрий', 'Cromolyn sodium'),
(349, 'Недокромил-натрий', 'Nedocromil sodium'),
(350, 'Кетотифен', 'Ketotifenum'),
(351, 'Оксатамид', 'Oxatamide'),
(352, 'Серотонина адипинат', 'Serotonini adipinas'),
(353, 'Мексамин', 'Mexaminum'),
(354, 'Пизотифен', 'Pizotifen'),
(355, 'Лизурид', 'Lysuride'),
(356, 'Метисергид', 'Methysergide'),
(357, 'Кетансерин', 'Ketanserinum'),
(363, 'Кокаин', 'Cocainum'),
(364, 'Анестезин', 'Anaesthesinum'),
(365, 'Новокаин', 'Novocainum'),
(366, 'Лидокаина гидрохлорид', 'Lidocaini hydrochloridum'),
(367, 'Бупивакаина гидрохлорид', 'Bupivacaine hydrochloride'),
(368, 'Тримекаин', 'Trimecainum'),
(369, 'Пиромекаин', 'Pyromecainum'),
(370, 'Дикаин', 'Dicainum'),
(371, 'Бензофурокаин', 'Benzofurocainum'),
(372, 'Танин', 'Tanninum, Acidum tannicum'),
(373, 'Танальбин', 'Tannalbinum'),
(374, 'Кора дуба', 'Cortex Quercus'),
(375, 'Трава зверобоя', 'Herba Hyperici'),
(376, 'Корневища змеевика', 'Rhizomata Bistortae'),
(377, 'Корневища и корни кровохлебки', 'Rhizomata cum radicibus Sanguisorbae'),
(378, 'Соплодия ольхи', 'Fructus Alni'),
(379, 'Плоды черники', 'Fructus Myrtilli'),
(380, 'Плоды черемухи', 'Fructus Padi'),
(381, 'Корневища лапчатки', 'Rhizomata Tormentillae'),
(382, 'Трава череды', 'Herba Bidentis'),
(383, 'Листья шалфея', 'Folia Salviae officinales'),
(384, 'Сальвин', 'Salvinum'),
(385, 'Цветки ромашки', 'Flores Chamomillae Recutitatae'),
(386, 'Рекутан', 'Recutanum'),
(387, 'Ротокан', 'Rotocanum'),
(388, 'Алором', 'Alorom'),
(389, 'Ромазулон', 'Romasulon'),
(390, 'Цветки лабазника вязолистного', 'Flores Filipendulae ulmariae'),
(391, 'Трава сушеницы топяной', 'Herba Gnaphalii uliginosi'),
(392, 'Калефлон', 'Caleflonum'),
(393, 'Мазь глидеринина', 'Unguentum Glyderinini'),
(394, 'Ликвиритон', 'Liquiritonum'),
(395, 'Семена льна', 'Semina Lini'),
(396, 'Крахмал', 'Amylum'),
(397, 'Висмута нитрат основной', 'Bismuthi subnitras'),
(398, 'Викалин', 'Vicalinum'),
(399, 'Викаир', 'Vicairum'),
(400, 'Де-Нол', 'De-Nol'),
(401, 'Ксероформ', 'Xeroformium'),
(402, 'Дерматол', 'Dermatolum'),
(403, 'Алюминия гидроокись', 'Aluminii hydroxydum'),
(404, 'Альмагель', 'Almagel'),
(405, 'Фосфалюгель', 'Fosfalugel'),
(406, 'Гастал', 'Gastal'),
(407, 'Сукралфат', 'Sucralfat'),
(408, 'Алюгастрин', 'Alugastrin'),
(409, 'Жидкость бурова', 'Liquor Burovi'),
(410, 'Квасцы', 'Alumen'),
(411, 'Квасцы жженые', 'Alumen ustum'),
(412, 'Магния окись', 'Magnesii oxydum'),
(413, 'Магния перекись', 'Magnesii peroxydum'),
(414, 'Магния карбонат основной', 'Magnesii subcarbonas'),
(415, 'Кальмагин', 'Granulae Calmaginum'),
(416, 'Кальция карбонат осажденный', 'Calcii carbonas praecipitatus'),
(417, 'Свинца ацетат', 'Plumbum aceticum'),
(418, 'Листья мяты перечной', 'Folia Menthae piperitae'),
(419, 'Ментол', 'Mentholum'),
(420, 'Валидол', 'Validolum'),
(421, 'Листья эвкалипта', 'Folia Eucalypti viminalis'),
(422, 'Семя горчицы', 'Semen Sinapis'),
(423, 'Плоды перца стручкового', 'Fructus Capsici'),
(424, 'Салмус', 'Salmus'),
(425, 'Масло терпентинное очищенное', 'Oleum Terebinthinae rectificatum'),
(426, 'Спирт муравьиный', 'Spiritus Acidi formici'),
(427, 'Настойка горькая', 'Tinctura amara'),
(428, 'Трава золототысячника', 'Herba Centaurii'),
(429, 'Листья полыни горькой', 'Herba Artemisiae absinthii'),
(430, 'Сок подорожника', 'Succus Plantaginis'),
(431, 'Плантаглюцид', 'Plantaglucidum'),
(432, 'Корни одуванчика', 'Radices Taraxaci'),
(433, 'Листья вахты трехлистной', 'Folia Menyanthidis trifoliata'),
(434, 'Корневища аира', 'Rhizomata Calami'),
(435, 'Сбор для возбуждения аппетита', 'Species amarae'),
(436, 'Хлороформ', 'Chloroformium'),
(437, 'Хлоробутанолгидрат', 'Chlorobutanoli hydras'),
(438, 'Финалгон', 'Finalgon'),
(439, 'Антипсориатикум', 'Antipsoriaticum'),
(440, 'Псориазин', 'Psoriasinum'),
(441, 'Необензинол для инъекций', 'Neobenzinolum pro injectionibus'),
(442, 'Раствор аммиака 10%', 'Solutio Ammonii caustici 10 %'),
(443, 'Апифор', 'Apiphorum'),
(444, 'Апизартрон', 'Apisartron'),
(445, 'Унгапивен', 'Ungapiven'),
(446, 'Випраксин для инъекций', 'Vipraxinum pro injectionibus'),
(447, 'Наяксин', 'Najaxinum'),
(448, 'Випросал', 'Viprosalum'),
(449, 'Корни ревеня', 'Radices Rhei'),
(450, 'Кора крушины', 'Cortex Frangulae Alni'),
(451, 'Рамнил', 'Rhamnilum'),
(452, 'Плоды жостера слабительного', 'Fructus Rhamni catharticae'),
(453, 'Листья сенны', 'Folia Sennae'),
(455, 'Антрасеннин', 'Antrasenninum'),
(456, 'Таблетки Сенадексин', 'Tabulettae Senadexinum'),
(457, 'Сенаде', 'Senade'),
(458, 'Кафиол', 'Cafiolum'),
(459, 'Масло касторовое', 'Oleum Ricini'),
(460, 'Морская капуста', 'Laminaria saccharina'),
(461, 'Ламинарид', 'Laminaridum'),
(462, 'Блошная трава', 'Plantago psyllium L.'),
(463, 'Стальник полевой или пашенный', 'Ononis arvensis'),
(464, 'Фенолфталеин', 'Phenolphthaleinum'),
(465, 'Изафенин', 'Isapheninum'),
(466, 'Таблетки Изаман', 'Tabulettae Isamanum'),
(467, 'Бисакодил', 'Bisacodylum'),
(468, 'Гутталакс', 'Guttalax'),
(469, 'Натрия сульфат', 'Natrii sulfas'),
(470, 'Магния сульфат', 'Magnesii sulfas'),
(471, 'Соль карловарская искусственная', 'Sal carolinum factitium'),
(472, 'Моршинская слабительная соль', ''),
(473, 'Масло вазелиновое', 'Oleum vaselini'),
(474, 'Масло миндальное', 'Oleum Amygdalarum'),
(475, 'Свечи с глицерином', 'Suppositoria cum Glycerino'),
(476, 'Плоды фенхеля', 'Fructus Foeniculi'),
(477, 'Сбор ветрогонный', 'Species carminativae'),
(478, 'Плоды укропа пахучего', 'Fructus Anethi graveolentis'),
(479, 'Плоды тмина', 'Fructus Cari carvi'),
(480, 'Трава термопсиса ланцетного', 'Herba Thermopsidis lanceolata'),
(481, 'Корни алтея', 'Radices Althaeae'),
(482, 'Мукалтин', 'Mucaltinum'),
(483, 'Корни солодки', 'Radices Glycyrrhizae'),
(484, 'Глицирам', 'Glycyrramum'),
(485, 'Корни истода', 'Radices Polygalae'),
(486, 'Корневища с корнями синюхи', 'Rhizomata cum radicibus Polemonii'),
(487, 'Корневища с корнями девясила', 'Rhizomata cum radicibus Inulae'),
(488, 'Листья подорожника большого', 'Folia Plantaginis majoris'),
(489, 'Листья мать-и-мачехи', 'Folia Farfarae'),
(490, 'Трава чабреца', 'Herba Thymi serpylli'),
(491, 'Пертуссин', 'Pertussinum'),
(492, 'Плоды аниса', 'Fructus Anisi vulgaris'),
(493, 'Побеги багульника болотного', 'Cormus Ledi palustris'),
(494, 'Трава душицы', 'Herba Origani vulgaris'),
(495, 'Трава фиалки', 'Herba Violae'),
(496, 'Почки сосновые', 'Turiones Pini'),
(497, 'Терпингидрат', 'Terpinum hydratum'),
(498, 'Натрия бензоат', 'Natrii benzoas'),
(499, 'Ликорина гидрохлорид', 'Lycorini hydrochloridum'),
(500, 'Ацетилцистеин', 'Acetylcysteinum'),
(501, 'Месна', 'Mesna'),
(502, 'Бромгексин', 'Bromhexinum'),
(503, 'Амброксол', 'Ambroxolum'),
(504, 'Альвеофакт', 'Alveofakt'),
(505, 'Наперстянка', ''),
(506, 'Кордигит', 'Cordigitum'),
(507, 'Дигитоксин', 'Digitoxinum'),
(508, 'Дигоксин', 'Digoxinum'),
(509, 'Медилазид', 'Medilasidum'),
(510, 'Целанид', 'Celanidum'),
(511, 'Лантозид', 'Lantosidum'),
(512, 'Дигален-нео', 'Digalen-neo'),
(513, 'Трава горицвета весеннего', 'Herba Adonidis vernalis'),
(514, 'Адонизид', 'Adonisidum'),
(515, 'Адонизид сухой', 'Adonisidum siccum'),
(516, 'Строфантин к', 'Strophanthinus K'),
(517, 'Строфантидина ацетат', 'Strophanthidini acetas'),
(518, 'Настойка ландыша', 'Tinctura Convallariae'),
(519, 'Коргликон', 'Corglyconum'),
(520, 'Кардиовален', 'Cardiovalenum'),
(521, 'Амринон', 'Amrinone'),
(522, 'Милринон', 'Milrinone'),
(523, 'Хинидин', 'Chinidinum'),
(524, 'Пролонгированные лекарственные формы хинидина', ''),
(525, 'Новокаинамид', 'Novocainamidum'),
(526, 'Дизопирамид', 'Disopyramidum'),
(527, 'Мексилетин', 'Mexiletine hydrochloride'),
(528, 'Пропафенон', 'Propafenone'),
(529, 'Этмозин', 'Aetmozinum'),
(530, 'Этацизин', 'Aethacizinum'),
(531, 'Боннекор', 'Bonnecor'),
(532, 'Аймалин', 'Ajmalinum'),
(533, 'Нео-гилуритмал', 'Neo-Gilurythmal'),
(534, 'Пульснорма', 'Pulsnorma'),
(535, 'Аллапинин', 'Allapininum'),
(536, 'Амиодарон', 'Amiodaronum'),
(537, 'Орнид', 'Ornidum'),
(538, 'Нитроглицерин', 'Nitroglycerinum'),
(539, 'Пролонгированные лекарственные формы нитроглицерина', ''),
(540, 'Нитросорбид', 'Nitrosorbidum'),
(541, 'Пролонгированные лекарственные формы нитросорбида', ''),
(542, 'Изосорбид мононитрат', 'Isosorbide mononitrate'),
(543, 'Эринит', 'Erynitum'),
(544, 'Амилнитрит', 'Amylii nitris'),
(545, 'Натрия нитрит', 'Natrii nitris'),
(546, 'Нонахлазин', 'Nonachlazinum'),
(547, 'Оксифедрин', 'Oxyfedrinum'),
(548, 'Карбокромен', 'Carbocromenum'),
(549, 'Лидофлазин', 'Lidoflazinum'),
(550, 'Циннаризин', 'Cinnarizine'),
(551, 'Флунаризин', 'Flunarizin'),
(552, 'Нимодипин', 'Nimodipine'),
(553, 'Кавинтон', 'Cavinton'),
(554, 'Винканор', 'Vincanorum'),
(555, 'Винкапан', 'Vincapan'),
(556, 'Инстенон', 'Instenon'),
(557, 'Натрия нитропруссид', 'Natrium nitroprussid'),
(558, 'Молсидомин', 'Molsidominum'),
(559, 'Апрессин', 'Apressinum'),
(560, 'Миноксидил', 'Minoxydin'),
(561, 'Папаверин', 'Papaverinum'),
(562, 'Но-шпа', 'No-Spa'),
(563, 'Феникаберан', 'Phenicaberanum'),
(564, 'Дибазол', 'Dibazolum'),
(565, 'Дипрофен', 'Diprophenum'),
(566, 'Ганглерон', 'Gangleronum'),
(567, 'Нафтидрофурил', 'Naftidrofuryl'),
(568, 'Галидор', 'Halidor'),
(569, 'Теобромин', 'Theobrominum'),
(570, 'Теофиллин', 'Theophyllinum'),
(571, 'Таблетки Теопэк', 'Tabulettae Theopecum'),
(572, 'Таблетки Теобиолонг', 'Tabulettae Theobiolongum'),
(573, 'Эуфиллин', 'Euphyllinum'),
(574, 'Дипрофиллин', 'Diprophyllinum'),
(575, 'Ксантинола никотинат', 'Xantinoli nicotinas'),
(576, 'Пентоксифиллин', 'Pentoxyphyllin'),
(577, 'Андекалин', 'Andecalinum'),
(578, 'Дилминал', 'Dilminal D'),
(579, 'Келлин', 'Khellinum'),
(580, 'Фловерин', 'Floverinum'),
(581, 'Датискан', 'Datiscanum'),
(582, 'Цветки липы', ''),
(583, 'Плоды малины', 'Fructus Rubiidaei'),
(584, 'Цветки бузины черной', 'Flores Sambuci nigrae'),
(585, 'Плоды боярышника', 'Fructus Crataegi'),
(586, 'Верапамил', 'Verapamilum'),
(587, 'Фендилин', 'Fendiline'),
(588, 'Нифедипин', 'Nifedipine'),
(589, 'Форидон', 'Foridonum'),
(590, 'Никардипин', 'Nicardipine'),
(591, 'Нитрендипин', 'Nitrendipine'),
(592, 'Исрадипин', 'Ispradipine'),
(593, 'Дилтиазем', 'Diltiazem'),
(594, 'Клофелин', 'Clophelinum'),
(595, 'Гуанфацин', 'Guanfacine'),
(596, 'Метилдофа', 'Methyldopa'),
(597, 'Урапидил', 'Urapidil'),
(598, 'Октадин', 'Octadinum'),
(599, 'Резерпин', 'Reserpinum'),
(600, 'Раунатин', 'Raunatinum'),
(601, 'Каптоприл', 'Captopril'),
(602, 'Эналаприл', 'Enalapril'),
(603, 'Лизиноприл', 'Lisinopril'),
(604, 'Ангиотензинамид', 'Angiotensinamidum'),
(606, 'Пармидин', 'Parmidinum'),
(607, 'Этамзилат', 'Etamsylatum'),
(608, 'Кальция добезилат', 'Calcii dobesilas'),
(609, 'Троксевазин', 'Troxevasin'),
(610, 'Трибенозид', 'Tribenozidum'),
(611, 'Репарил', 'Reparil'),
(612, 'Эскузан', 'Aescusan'),
(613, 'Эсфлазид', 'Aesflazidum'),
(614, 'Анавенол', 'Anavenol'),
(615, 'Адроксон', 'Adroxonum'),
(616, 'Дихлотиазид', 'Dichlothiazidum'),
(617, 'Циклометиазид', 'Cyclomethiazidum'),
(618, 'Оксодолин', 'Oxodolinum'),
(619, 'Фуросемид', 'Furosemidum'),
(620, 'Буфенокс', 'Buphenoxum'),
(621, 'Клопамид', 'Clopamidum'),
(622, 'Индапамид', 'Indapamide'),
(623, 'Этакриновая кислота', 'Acidum etacrynicum'),
(624, 'Диакарб', 'Diacarbum'),
(625, 'Триамтерен', 'Triamterenum'),
(626, 'Амилорид', 'Amiloridum'),
(627, 'Спиронолактон', 'Spironolactonum'),
(628, 'Маннит', 'Mannitum'),
(629, 'Мочевина', 'Urea pura'),
(630, 'Калия ацетат', 'Kalii acetas'),
(631, 'Аммония хлорид', 'Ammonii chloridum'),
(632, 'Плоды можжевельника', 'Baccae Juniperi'),
(633, 'Листья толокнянки', 'Folia Arctostaphyli Uvae ursi'),
(634, 'Трава хвоща полевого', 'Herba Equiseti Arvensis'),
(635, 'Листья ортосифона тычиночного', 'Folia Orthosiphoni staminei'),
(636, 'Листья брусники', 'Folia Vitisidaea'),
(637, 'Цветки василька синего', 'Flores centaureae Cyani'),
(638, 'Почки березовые', 'Gemmae Betulae'),
(639, 'Леспенефрил', 'Lespenephril'),
(640, 'Фларонин', 'Flaroninum'),
(641, 'Аллопуринол', 'Allopurinolum'),
(642, 'Этамид', 'Aethamidum'),
(643, 'Бензобромарон', 'Benzobromarone'),
(644, 'Сульфинпиразон', 'Sulfinpyrazone'),
(645, 'Уродан', 'Urodanum'),
(646, 'Магурлит', 'Magurlit'),
(647, 'Уралит-U', 'Uralyt-U'),
(648, 'Блемарен', 'Blemaren'),
(649, 'Солуран', 'Soluran'),
(650, 'Солимок', 'Solimok'),
(651, 'Оксалит с', 'Oxalyt C'),
(652, 'Экстракт марены красильной сухой', 'Extractum Rubiae tinctorum siccum'),
(653, 'Таблетки Марелин', 'Tabulettae Marelinum obductae'),
(654, 'Цистенал', 'Cystenal'),
(655, 'Олиметин', 'Olimetinum'),
(656, 'Ависан', 'Avisanum'),
(657, 'Пинабин', 'Pinabinum'),
(658, 'Уролесан', 'Urolesanum'),
(659, 'Трава горца птичьего', 'Herba Polygoni avicularis'),
(660, 'Фитолизин', 'Phitolysin'),
(661, 'Аллохол', 'Allocholum'),
(662, 'Лиобил', 'Liobilum'),
(663, 'Холензим', 'Cholenzynum obductae'),
(664, 'Вигератин', 'Vigeratinum obductae'),
(665, 'Цветки бессмертника песчаного', 'Flores Helichrysi arenarii'),
(666, 'Фламин', 'Flaminum'),
(667, 'Столбики с рыльцами кукурузы', 'Stylicum stigmatis Zea Maydis'),
(668, 'Танацехол', 'Tanacecholum'),
(669, 'Конвафлавин', 'Convaflavinum'),
(670, 'Флакумин', 'Flacuminum'),
(671, 'Холагол', 'Cholagolum'),
(672, 'Холосас', 'Cholosasum'),
(673, 'Берберина бисульфат', 'Berberini bisulfas'),
(674, 'Оксафенамид', 'Oxaphenamidum'),
(675, 'Никодин', 'Nicodinum'),
(676, 'Циквалон', 'Cycvalonum'),
(677, 'Легалон', 'Legalon'),
(678, 'Силибор', 'Siliborum'),
(679, 'Катерген', 'Catergen'),
(680, 'Зиксорин', 'Zixorin'),
(681, 'Билигнин', 'Biligninum'),
(682, 'Лив-52', 'Liv-52'),
(683, 'Валилив', 'Valiliv'),
(684, 'Розанол', 'Rosanol'),
(685, 'Хенодиол', 'Chenodiol'),
(686, 'Урзофалк', 'Ursofalk'),
(687, 'Эргометрин', 'Ergometrini maleas'),
(688, 'Метилэргометрин', 'Methylergometrinum'),
(689, 'Эрготамин', 'Ergotamini hydrotartras'),
(690, 'Эрготал', 'Ergotalum'),
(691, 'Окситоцин', 'Oxytocinum'),
(692, 'Метилокситоцин', 'Methyloxytocin'),
(693, 'Дезаминоокситоцин', 'Desaminooxytocinum'),
(694, 'Питуитрин для инъекций', 'Pituitrinum pro injectionibus'),
(695, 'Гифотоцин', 'Hyphotocinum'),
(696, 'Динопрост', 'Dinoprost'),
(697, 'Динопростон', 'Dinoproston'),
(698, 'Простенон', 'Prostenonum'),
(699, 'Котарнина хлорид', 'Cotarnini chloridum'),
(700, 'Сферофизин', 'Sphaerophysinum'),
(701, 'Настойка листьев барбариса обыкновенного', 'Tinctura foliorum Berberis'),
(702, 'Трава пастушьей сумки', 'Herba Bursae pastoris'),
(703, 'Экстракт чистеца буквицецветного', 'Extractum Stachydis betonicaeflorae fluidum'),
(704, 'Партусистен', 'Partusisten'),
(705, 'Сальбупарт', 'Salbupart'),
(706, 'Ритодрин', 'Ritodrinum'),
(707, 'Гинипрал', 'Gynipral'),
(708, 'Кортикотропин', 'Corticotropinum'),
(709, 'Суспензия цинк-кортикотропина', 'Suspensio zinc-corticotropini'),
(710, 'Соматотропин', 'Somatotropinum humanum'),
(711, 'Гонадотропин хорионический', 'Gonadotropinum chorionicum'),
(712, 'Гонадотропин менопаузный', 'Gonadotropinum menopausticum'),
(713, 'Лактин', 'Lactinum'),
(714, 'Даназол', 'Danazol'),
(715, 'Интермедин', 'Intermedinum'),
(716, 'Адиурекрин', 'Adiurecrinum'),
(717, 'Адиуретин сд', 'Adiuretinum SD'),
(718, 'Тиреоидин', 'Thyreoidinum'),
(719, 'Трийодтиронина гидрохлорид', 'Triiodthyronini hydrochloridum'),
(720, 'Мерказолил', 'Mercazolilum'),
(721, 'Паратиреоидин для инъекций', 'Parathyreodinum pro injectionibus'),
(722, 'Дигидротахистерол', 'Dihydrotachisterolum'),
(723, 'Кальцитонин', 'Calcitonin'),
(724, 'Кальцитрин', 'Calcitrinum'),
(725, 'Моносуинсулин', 'Monosuinsulinum'),
(726, 'Хоморап-пенфил', 'Homorap-Penfil'),
(727, 'Суспензия инсулина-семилонг', 'Suspensio Insulini semilongi'),
(728, 'Суспензия инсулина-лонг', 'Suspensio Insulini long'),
(729, 'Суспензия инсулина-ультралонг', 'Suspensio Insulini ultralong'),
(730, 'Бутамид', 'Butamidum'),
(731, 'Карбутамид', 'Carbutamide'),
(732, 'Хлорпропамид', 'Chlorpropamidum'),
(733, 'Глибенкламид', 'Glibenclamidum'),
(734, 'Глипизид', 'Glipizide'),
(735, 'Гликвидон', 'Gliquidone'),
(736, 'Гликлазид', 'Gliclazide'),
(737, 'Глибутид', 'Glibutidum'),
(738, 'Глиформин', 'Gliformin'),
(739, 'Арфазетин', 'Arfasetinum'),
(740, 'Сбор Мирфазин', 'Species Myrphazinum'),
(741, 'Кортизон', 'Cortisonum'),
(742, 'Гидрокортизон', 'Hydrocortisonum'),
(743, 'Гидрокортизона ацетат', 'Hydrocortisoni acetas'),
(744, 'Гидрокортизона гемисукцинат', 'Hydrocortisoni hemisuccinas'),
(745, 'Преднизолон', 'Prednisolonum'),
(746, 'Преднизолона гемисукцинат', 'Prednisolon hemisuccinas'),
(747, 'Метилпреднизолон', 'Methylprednisolonum'),
(748, 'Дексаметазон', 'Dexamethasonum'),
(749, 'Триамцинолон', 'Triamcinolonum'),
(750, 'Триамцинолона ацетонид', 'Triamcinoloni acetonidum'),
(751, 'Синафлан', 'Synaflanum'),
(752, 'Флуметазона пивалат', 'Flumethasoni pivalas'),
(753, 'Галометазон', 'Halometasone'),
(754, 'Бетаметазон', 'Betamethasonum'),
(755, 'Беклометазона дипропионат', 'Beclometasoni dipropionas'),
(757, 'Дезоксикортикостерона ацетат', 'Desoxycorticosteroni acetas'),
(758, 'Дезоксикортикостерона триметилацетат', 'Desoxycorticosteroni trimethylacetas'),
(759, 'Флудрокортизон', 'Fludrocortisone'),
(760, 'Эстрон', 'Oestronum'),
(761, 'Эстрадиола дипропионат', 'Oestradioli dipropionas'),
(762, 'Пресомен', 'Presomen'),
(763, 'Этинилэстрадиол', 'Aethinyloestradiolum'),
(764, 'Синэстрол', 'Synoestrolum'),
(765, 'Диэтилстильбэстрол', 'Disethylstilboestrolum'),
(766, 'Димэстрол', 'Dimoestrolum'),
(767, 'Сигетин', 'Sygethinum'),
(768, 'Кломифенцитрат', 'Clomiphen citras'),
(769, 'Прогестерон', 'Progesteronum'),
(770, 'Оксипрогестерона капронат', 'Oxyprogesteroni caproas'),
(771, 'Прегнин', 'Praegninum'),
(772, 'Норэтистерон', 'Norethisteronum'),
(773, 'Аллилэстренол', 'Allylestrenol'),
(774, 'Ацетомепрегенол', 'Acetomepregenolum'),
(775, 'Бисекурин', 'Bisecurin'),
(776, 'Нон-Овлон', 'Non-Ovlon'),
(777, 'Овидон', 'Ovidon'),
(778, 'Линдиол', 'Lindiol'),
(779, 'Ригевидон', 'Rigevidon'),
(780, 'Минизистон', 'Minisiston'),
(781, 'Марвелон', 'Marvelon'),
(782, 'Антеовин', 'Anteovin'),
(783, 'Тризистон', 'Trisiston'),
(784, 'Три-Регол', 'Tri-Regol'),
(785, 'Триквилар', 'Triquilar'),
(786, 'Континуин', 'Continuin'),
(787, 'Постинор', 'Postinor'),
(788, 'Таблетки Прегэстрол', 'Tabulettae Praegoestrolum'),
(789, 'Климонорм', 'Climonorm'),
(790, 'Дивина', 'Divina'),
(791, 'Тестостерона пропионат', 'Testosteroni propionas'),
(792, 'Тестэнат', 'Testoenatum'),
(793, 'Раствор Тетрастерон', 'Solutio Tetrasteronum'),
(794, 'Метилтестостерон', 'Methyltestosteronum'),
(795, 'Таблетки Тестобромлецит', 'Tabulettae Testobromlecithum'),
(796, 'Метандростенолон', 'Methan drostenolonum'),
(797, 'Феноболин', 'Phenobolinum'),
(798, 'Ретаболил', 'Retabolil'),
(799, 'Силаболин', 'Silabolinum'),
(800, 'Метиландростендиол', 'Methylandrostendiolum'),
(801, 'Алпростадил', 'Alprostadil'),
(802, 'Мизопростол', 'Misoprostol'),
(804, 'Ретинол', 'Retinolum'),
(805, 'Рыбий жир', 'Oleum jecoris'),
(806, 'Этретинат', 'Etretinate'),
(807, 'Изотретиноин', 'Isotretinoine'),
(808, 'Тиамин', 'Thiaminum'),
(809, 'Фосфотиамин', 'Phosphothiaminum'),
(810, 'Кокарбоксилаза', 'Cocarboxylasum'),
(811, 'Бенфотиамин', 'Benphothiaminum'),
(812, 'Рибофлавин', 'Riboflavinum'),
(813, 'Рибофлавин-мононуклеотид', 'Riboflavinum-mononucleotidum'),
(814, 'Флавинат', 'Flavinatum'),
(815, 'Пиридоксин', 'Pyridoxinum'),
(816, 'Пиридоксальфосфат', 'Pyridoxalphosphatum'),
(817, 'Цианокобаламин', 'Cyanocobalaminum'),
(818, 'Оксикобаламин', 'Oxycobalaminum'),
(819, 'Кобамамид', 'Cobamamidum'),
(820, 'Витогепат', 'Vitohepatum'),
(821, 'Фолиевая кислота', 'Acidum folicum'),
(822, 'Кальция фолинат', 'Calcii folinas; Calcium-folinate'),
(823, 'Аскорбиновая кислота', 'Acidum ascorbinicum'),
(824, 'Плоды шиповника', 'Fructus Rosae'),
(825, 'Галаскорбин', 'Galascorbinum'),
(826, 'Рутин', 'Rutinum'),
(827, 'Кверцетин', 'Quercetinum'),
(828, 'Никотиновая кислота', 'Acidum nicotinicum'),
(829, 'Никотинамид', 'Nicotinamid'),
(830, 'Кальция пантотенат', 'Calcii pantothenas'),
(831, 'Пантенол', 'Panthenol'),
(832, 'Токоферола ацетат', 'Tocopheroli acetas'),
(833, 'Фитоменадион', 'Phytomenadionum'),
(834, 'Викасол', 'Vicasolum'),
(835, 'Эргокальциферол', 'Ergocalciferolum'),
(836, 'Альфакальцидол', 'Alfacalcidol'),
(837, 'Видехол', 'Videcholum'),
(838, 'Метилметионинсульфония хлорид', 'Methylmethioninsulfonii chloridum'),
(839, 'Кальция пангамат', 'Calcii pangamas'),
(840, 'Холина хлорид', 'Cholini chloridum'),
(841, 'Липоевая кислота', 'Acidum lipoicum'),
(842, 'Липамид', 'Lipamidum'),
(843, 'Аевит', 'Aevitum'),
(844, 'Таблетки Аснитин', 'Tabulettae Asnithinum'),
(845, 'Таблетки Пентовит', 'Tabulettae Pentovitum obductae'),
(846, 'Таблетки Пангексавит', 'Tabulettae Panhexavitum obductae'),
(847, 'Декамевит', 'Decamevitum'),
(848, 'Аэровит', 'Aerovitum'),
(849, 'Таблетки Тетравит', 'Tabulettae Tetravitum obductae'),
(850, 'Гексавит', 'Hexavitum'),
(851, 'Драже Ундевит', 'Dragee Undevitum'),
(852, 'Таблетки Тетрафолевит', 'Tabulettae Tetrafolevitum obductae'),
(853, 'Гендевит', 'Hendevitum'),
(854, 'Драже Ревит', 'Dragee Revitum'),
(855, 'Амитетравит', 'Amitetravitum'),
(856, 'Таблетки Квадевит', 'Tabulettae Quadevitum obductae'),
(857, 'Глутамевит', 'Glutamevitum'),
(858, 'Компливит', 'Complivitum'),
(859, 'Олиговит', 'Oligovit'),
(860, 'Эссенциале', 'Essentiale'),
(861, 'Масло шиповника', 'Oleum Rosae'),
(862, 'Каротолин', 'Carotolinum'),
(863, 'Аекол', 'Aecolum'),
(864, 'Масло облепиховое', 'Oleum ex fructibus et foliis Hippopheae'),
(865, 'Олазоль', 'Olasolum'),
(866, 'Пленка Облекол', 'Membranula Oblecolum'),
(867, 'Гипозоль', 'Hiposolum'),
(868, 'Сборы витаминные', ''),
(869, 'Плоды рябины', 'Fructus Sorbi aucuparitae'),
(870, 'Трипсин', 'Trypsinum'),
(871, 'Химотрипсин кристаллический', 'Chymotrypsinum crystallisatum'),
(872, 'Химопсин', 'Chymopsinum'),
(873, 'Террилитин', 'Terrilytinum'),
(874, 'Рибонуклеаза (аморфная)', 'Ribonucleasum amorphum'),
(875, 'Дезоксирибонуклеаза', 'Desoxyribonucleasum'),
(876, 'Коллагеназа', 'Collagenasum'),
(877, 'Аспераза', 'Asperasa'),
(878, 'Лизоамидаза', 'Lysoamidasa'),
(879, 'Профезим', 'Profezimum'),
(880, 'Карипазин', 'Caripazinum'),
(881, 'Лекозим', 'Lecozim'),
(882, 'Пепсин', 'Pepsinum'),
(883, 'Сок желудочный натуральный', 'Succus gastricus naturalis'),
(884, 'Пепсидил', 'Pepsidilum'),
(885, 'Абомин', 'Abominum'),
(886, 'Панкреатин', 'Pancreatinum'),
(887, 'Ораза', 'Orazum'),
(888, 'Солизим', 'Solizymum'),
(889, 'Сомилаза', 'Somilasum'),
(890, 'Нигедаза', 'Nigedaza'),
(891, 'Панзинорм форте', 'Panzynorm forte'),
(892, 'Панкурмен', 'Pancurmen'),
(893, 'Фестал', 'Festal'),
(894, 'Дигестал', 'Digestal'),
(895, 'Энзистал', 'Enzystal'),
(896, 'Мезим форте', 'Mezym forte'),
(897, 'Лидаза', 'Lydazum'),
(898, 'Ронидаза', 'Ronidazum'),
(899, 'Цитохром с', 'Cytochromum C'),
(900, 'Пенициллиназа', 'Penicillinasum'),
(901, 'Пантрипин', 'Pantrypinum'),
(902, 'Ингитрил', 'Ingitrilum'),
(903, 'Контрикал', 'Contrykal'),
(904, 'Апротинин', 'Aprotinin'),
(905, 'Гепарин', 'Heparinum'),
(906, 'Мазь гепариновая', 'Unguentum Heparini'),
(907, 'Неодикумарин', 'Neodicumarinum'),
(908, 'Фепромарон', 'Phepromaronum'),
(909, 'Аценокумарол', 'Acenocumarol'),
(910, 'Фенилин', 'Phenylinum'),
(911, 'Фибринолизин', 'Fibrinolysinum'),
(912, 'Стрептокиназа', 'Streptokinase'),
(913, 'Стрептодеказа для инъекций', 'Streptodecasum pro injectionibus'),
(914, 'Целиаза', 'Celiasum'),
(915, 'Тиклопидин', 'Ticlopidine'),
(916, 'Дипиридамол', 'Dipyridamolum'),
(919, 'Протамина сульфат', 'Protamini sulfas'),
(920, 'Аминокапроновая кислота', 'Acidum aminocapronicum'),
(921, 'Амбен', 'Ambenum'),
(922, 'Фибриноген', 'Fibrinogenum'),
(923, 'Пленка фибринная изогенная', 'Membranula fibrinosa isogena'),
(924, 'Тромбин', 'Thrombinum'),
(925, 'Губка гемостатическая коллагеновая', 'Spongia haemostatica collagenica'),
(926, 'Свечи антисептические биологические', 'Suppositoria antiseptica biologica'),
(927, 'Губка желатиновая', 'Spongia gelatinosa'),
(928, 'Губка антисептическая с канамицином', 'Spongia antiseptica cum Kanamycino'),
(929, 'Желпластан', 'Gelplastanum'),
(930, 'Лагохилус опьяняющий', 'Lagochilus inebrians Bunge'),
(931, 'Листья крапивы', 'Folia Urticae'),
(932, 'Трава тысячелистника', 'Herba Millefolii'),
(933, 'Трава горца перечного', 'Herba Polygoni hydropiperis'),
(934, 'Трава горца почечуйного', 'Herba Polygoni persicariae'),
(935, 'Кора калины', 'Cortex Viburni opuli'),
(936, 'Цветки арники', 'Flores Arnicae'),
(937, 'Гемофобин', 'Haemophobinum'),
(938, 'Децилат', 'Decilatum'),
(939, 'Холестирамин', 'Cholestyraminum'),
(940, 'Клофибрат', 'Clofibratum'),
(941, 'Безафибрат', 'Bezafibrate'),
(942, 'Фенофибрат', 'Phenofibrate'),
(943, 'Гемфиброзил', 'Gemfibrozil'),
(944, 'Пробукол', 'Probucol'),
(945, 'Ловастатин', 'Lovastatin'),
(946, 'Линетол', 'Linaetholum'),
(947, 'Липостабил', 'Lipostabil'),
(948, 'Полиспонин', 'Polysponinum'),
(949, 'Трибуспонин', 'Tribusponinum'),
(950, 'Глутаминовая кислота', 'Acidum glutaminicum'),
(951, 'Кальция глутаминат', 'Calcii glutaminas'),
(952, 'Метионин', 'Methioninum'),
(953, 'Гистидин', 'Histidinum'),
(954, 'Глицин', 'Glycinum'),
(955, 'Цистеин', 'Cysteinum'),
(956, 'Вицеин', 'Viceinum'),
(958, 'Тауфон', 'Taufonum'),
(959, 'Церебролизин', 'Cerebrolysinum'),
(960, 'Гидролизин', 'Hydrolysin'),
(961, 'Фибриносол', 'Fibrinosolum'),
(962, 'Гидролизат казеина', 'Hidrolysatum Caseini'),
(963, 'Аминотроф', 'Aminotrophum'),
(964, 'Амикин', 'Amikinum'),
(965, 'Аминокровин', 'Aminocrovinum'),
(966, 'Инфузамин', 'Infusaminum'),
(967, 'Полиамин', 'Polyaminum'),
(968, 'Альвезин Новый', 'Alvesin Neu'),
(969, 'Аминоплазмал LS', 'Aminoplasmal LS'),
(970, 'Нефрамин', 'Nephramin'),
(971, 'Липофундин', 'Lipofundinum'),
(972, 'Полиглюкин', 'Polyglucinum'),
(973, 'Реополиглюкин', 'Rheopolyglucinum'),
(974, 'Реополиглюкин с глюкозой', 'Rheopolyglucinum cum glucoso'),
(975, 'Реоглюман', 'Rheoglumanum'),
(976, 'Рондекс', 'Rondex'),
(977, 'Реомакродекс', 'Rheomacrodex'),
(978, 'Полифер', 'Polyferum'),
(979, 'Гемодез', 'Haemodesum'),
(980, 'Неогемодез', 'Neohaemodesum'),
(981, 'Глюконеодез', 'Gluconeodesum'),
(982, 'Энтеродез', 'Enterodesum'),
(983, 'Желатиноль', 'Gelatinolum'),
(984, 'Волекам', 'Volecamum'),
(985, 'Лактопротеин', 'Lactoproteinum'),
(986, 'Раствор Рингера-Локка', 'Solutio Natrii chloridi composita'),
(987, 'Растворы Дисоль, Трисоль, Ацесоль, Хлосоль,Квартасоль', 'Solutio Disolum, Trisolum, Acesolum,Chlosolum,Quartasolum'),
(988, 'Раствор Лактасол', 'Solutio Lactasolum'),
(989, 'Санасол', 'Sanasolum'),
(990, 'Таблетки петрова', 'Tabulettae Petrovi'),
(991, 'Глюкосолан', 'Glucosolanum'),
(992, 'Цитраглюкосолан', 'Citraglucosolanum'),
(993, 'Раствор поливинилпирролидона 15 % для инъекций', 'Solutio Polyvinylpyrrolidoni 15 % pro injectionibus'),
(995, 'Натрия гидрокарбонат', 'Natrii hydrocarbonas'),
(996, 'Трисамин', 'Trisaminum'),
(997, 'Димефосфон', 'Dimephosphonum'),
(999, 'Хлористоводородная разведенная кислота', 'Acidum hydrochloricum dilutum'),
(1000, 'Кальция хлорид', 'Calcii chloridum'),
(1001, 'Кальция глюконат', 'Calcii gluconas'),
(1002, 'Кальция лактат', 'Calcii lactas'),
(1003, 'Калия хлорид', 'Kalii chloridum'),
(1004, 'Панангин', 'Panangin'),
(1005, 'Аспаркам', 'Asparcam'),
(1006, 'Железа закисного лактат', 'Ferri lactas'),
(1007, 'Гемостимулин', 'Haemostimulinum'),
(1008, 'Таблетки Фитоферролактол', 'Tabulettae Phytoferrolactolum'),
(1009, 'Железа закисного сульфат', 'Ferrosi sulfas'),
(1010, 'Таблетки Феррокаль', 'Tabulettae Ferrocalum obductae'),
(1011, 'Драже Ферроплекс', 'Ferroplex'),
(1012, 'Конферон', 'Conferon'),
(1013, 'Ферро-градумент', 'Ferro-Gradument'),
(1014, 'Тардиферон', 'Tardiferon'),
(1015, 'Таблетки Каферид', 'Tabulettae Caferidum'),
(1016, 'Сироп алоэ с железом', 'Sirupus Aloes cum ferro'),
(1017, 'Гемофер', 'Haemofer'),
(1018, 'Ферамид', 'Ferramidum'),
(1019, 'Ферроцерон', 'Ferroceronum'),
(1020, 'Фербитол', 'Ferbitolum'),
(1021, 'Ферковен', 'Fercovenum'),
(1022, 'Феррум лек', 'Ferrum Lek'),
(1023, 'Феракрил', 'Feracrylum'),
(1024, 'Оксиферрискорбон натрия', 'Oxyferriscorbone natrium'),
(1025, 'Коамид', 'Coamidum'),
(1026, 'Йод', 'Iodum');
INSERT INTO `preparations` (`id`, `name`, `code`) VALUES
(1027, 'Таблетки Микройод', 'Tabulettae Microiodum obductae'),
(1028, 'Раствор йода спиртовой 5 %', 'Solutio Iodi spirituosa 5 %'),
(1029, 'Раствор люголя', 'Solutio Lugoli'),
(1030, 'Калия йодид', 'Kalii iodidum'),
(1031, 'Натрия йодид', 'Natrii iodidum'),
(1032, 'Микстура противоастматическая', 'Mixtura antiasthmatica Trascovi'),
(1033, 'Кальция глицерофосфат', 'Calcii glycerophosphas'),
(1034, 'Фитин', 'Phytinum'),
(1035, 'Церебролецитин', 'Cerebro-lecithinum'),
(1036, 'Таблетки Липоцеребрин', 'Tabulettae Lipocerebrinum'),
(1037, 'Натрия фторид', 'Natrium phthoridum'),
(1038, 'Витафтор', 'Vitaphtorum'),
(1039, 'Фторлак', 'Phthorlacum'),
(1043, 'Метилурацил', 'Methyluracilum'),
(1044, 'Пентоксил', 'Pentoxylum'),
(1045, 'Калия оротат', 'Kalii orotas'),
(1046, 'Лейкоген', 'Leucogenum'),
(1047, 'Аденозинтрифосфорная кислота', 'Acidum adenosintriphosphoricum'),
(1048, 'Фосфаден', 'Phosphadenum'),
(1049, 'Этаден', 'Etadenum'),
(1050, 'Рибоксин', 'Riboxinum'),
(1051, 'Дипромоний', 'Dipromonium'),
(1052, 'Карнитина хлорид', 'Carnitini chloridum'),
(1054, 'Каталин', 'Catalin'),
(1055, 'Даларгин', 'Dalarginum'),
(1056, 'Ацемин', 'Aceminum'),
(1058, 'Экстракт алоэ жидкий для инъекций', 'Extractum Aloes fluidum pro injectionibus'),
(1059, 'Экстракт алоэ жидкий', 'Extractum Aloes fluidum'),
(1060, 'Алоэ', 'Aloes'),
(1061, 'Линимент алоэ', 'Linimentum Aloes'),
(1062, 'Сок алоэ', 'Succus Aloes'),
(1063, 'Биосед', 'Biosedum'),
(1064, 'ФиБС', 'Fibs pro injectionibus'),
(1065, 'Пелоидодистиллят для инъекций', 'Peloidodestillatum pro injectionibus'),
(1066, 'Пелоидин', 'Peloidinum'),
(1067, 'Торфот', 'Torfotum'),
(1068, 'Гумизоль', 'Humisolum'),
(1069, 'Взвесь плаценты для инъекций', 'Suspensio Placentae pro injectionibus'),
(1070, 'Экстракт плаценты для инъекций', 'Extractum Placentae pro injectionibus'),
(1071, 'Амниоцен', 'Amniocenum'),
(1072, 'Сок каланхоэ', 'Succus Kalanchoes'),
(1073, 'Вулнузан', 'Vulnusan'),
(1074, 'Хонсурид', 'Chonsuridum'),
(1075, 'Румалон', 'Rumalonum'),
(1076, 'Стекловидное тело', 'Corpus vitreum'),
(1077, 'Керакол', 'Keracolum'),
(1078, 'Спленин', 'Spleninum'),
(1079, 'Плазмол', 'Plasmolum'),
(1080, 'Церулоплазмин', 'Ceruloplasminum'),
(1081, 'Эритрофосфатид', 'Erytrophosphatidum'),
(1082, 'Эригем', 'Eryhaemum'),
(1083, 'Глюнат', 'Glunatum'),
(1084, 'Актовегин', 'Actovegin'),
(1085, 'Солкосерил', 'Solcoseryl'),
(1086, 'Эпиталамин', 'Epytalaminum'),
(1087, 'Прополис', 'Propolis'),
(1088, 'Мазь Пропоцеум', 'Unguentum Propoceum'),
(1089, 'АэрозольПропосол', 'Aerosolum Proposolum'),
(1090, 'Аэрозоль Пропомизоль', 'Aerosolum Propomisolum'),
(1091, 'Апилак', 'Apilacum'),
(1092, 'Суспензия зимозана', 'Suspensio Zymosani'),
(1093, 'Энкад', 'Encadum'),
(1094, 'Бефунгин', 'Befunginum'),
(1095, 'Цернилтон', 'Cernilton'),
(1096, 'Трианол', 'Trianol'),
(1097, 'Раверон', 'Raveron'),
(1098, 'Пропер-мил', 'Proper-myl'),
(1099, 'Тималин', 'Thymalinum'),
(1100, 'Тактивин', 'Tactivinum'),
(1101, 'Тимоптин', 'Thymoptinum'),
(1102, 'Вилозен', 'Vilosenum'),
(1103, 'Миелопид', 'Myelopidum'),
(1104, 'Тимоген', 'Thymogenum'),
(1105, 'Натрия нуклеинат', 'Natrii nucleinas'),
(1106, 'Левамизол', 'Levamisolum'),
(1107, 'Леакадин', 'Leacadinum'),
(1108, 'Продигиозан', 'Prodigiosanum'),
(1109, 'Пирогенал', 'Pyrogenalum'),
(1110, 'Полудан', 'Poludanum'),
(1111, 'Молграмостим', 'Molgramostim'),
(1112, 'Азатиоприн', 'Azathioprinum'),
(1113, 'Батриден', 'Batridenum'),
(1114, 'Циклоспорин', 'Cyclosporinum'),
(1115, 'Антилимфолин-Кр', 'Antilimpholinum Kr'),
(1116, 'Кризанол', 'Crysanolum'),
(1117, 'Ауранофин', 'Auronofin'),
(1118, 'Кислород', 'Oxygenum'),
(1119, 'Карбоген', 'Carbogenum'),
(1121, 'Эмоксипин', 'Emoxipinum'),
(1122, 'Мексидол', 'Mexidolum'),
(1123, 'Убинон', 'Ubinonum'),
(1124, 'Углекислота', 'Acidum carbonicum anhydricum'),
(1125, 'Глюкоза', 'Glucosum'),
(1126, 'Лактулоза', 'Lactulosum'),
(1127, 'Унитиол', 'Unithiolum'),
(1128, 'Натрия тиосульфат', 'Natrii thiosulfas'),
(1129, 'Уголь активированный', 'Carbo activatus'),
(1131, 'Уголь активированный СКН', 'Carbo activatus SCN'),
(1132, 'Энтеросорбент СКН', 'Enterosorbentum SCN'),
(1133, 'Карболонг', 'Carbolongum'),
(1134, 'Полифепан', 'Polyphepanum'),
(1135, 'Тетацин-кальций', 'Tetacinum-calcium'),
(1136, 'Пентацин', 'Pentacinum'),
(1137, 'Ферроцин', 'Ferrocinum'),
(1138, 'Динатриевая соль этилендиаминтетрауксусной кислоты', 'Dinatrii aethylendiamintetraacetas'),
(1139, 'Тримефацин', 'Trimephacinum'),
(1140, 'Дефероксамин', 'Deferoxaminum'),
(1141, 'Пеницилламин', 'Penicillaminum'),
(1142, 'Цистамина дигидрохлорид', 'Cystamini dihydrochloridum'),
(1143, 'Батилол', 'Batilolum'),
(1144, 'Тезан', 'Thesanum'),
(1145, 'Мазь диэтона', 'Unguentum Diaethoni'),
(1146, 'Аэрозоль Лиоксазоль', 'Aerosolum Lioxasolum'),
(1147, 'Бероксан', 'Beroxanum'),
(1148, 'Аммифурин', 'Ammifurinum'),
(1149, 'Псорален', 'Psoralenum'),
(1150, 'Псоберан', 'Psoberanum'),
(1151, 'Мелагенин', 'Melageninum'),
(1152, 'Фогем', 'Fogemum'),
(1153, 'Тетурам', 'Teturamum'),
(1154, 'Радотер', 'Radoterum'),
(1155, 'Циамид', 'Cyamidum'),
(1156, 'Отвар баранца', 'Decoctum Lycopodii selaginosi'),
(1157, 'Фепранон', 'Phepranonum'),
(1158, 'Дезопимон', 'Desopimonum'),
(1159, 'Мазиндол', 'Mazindol'),
(1160, 'Бензилпенициллина натриевая соль', 'Benzylpenicillinum-natrium'),
(1161, 'Бензилпенициллина калиевая соль', 'Benzylpenicillinum-kalium'),
(1162, 'Бензилпенициллина новокаиновая соль', 'Benzylpenicillinumnovocainum'),
(1163, 'Бициллин-1', 'Bicillinum-1'),
(1164, 'Бициллин-5', 'Bicillinum-5'),
(1165, 'Феноксиметилпенициллин', 'Phenoxymethylpenicillinum'),
(1166, 'Оксациллина натриевая соль', 'Oxacillinum-natrium'),
(1167, 'Ампициллин', 'Ampicillinum'),
(1168, 'Ампициллина тригидрат', 'Ampicillinitrihydras'),
(1169, 'Ампициллина натриевая соль', 'Ampicillinum-natrium'),
(1170, 'Ампиокс', 'Ampioxum'),
(1171, 'Сультамициллин', 'Sultamicillin'),
(1172, 'Карбенициллина динатриевая соль', 'Carbenicillinum-dinatricum'),
(1173, 'Карфециллин', 'Carfecillin'),
(1174, 'Микроцид', 'Microcidum'),
(1175, 'Цефалоридин', 'Cefaloridinum'),
(1176, 'Цефазолин', 'Cephazolin'),
(1177, 'Цефалотина натриевая соль', 'Cephalotinum-natrium'),
(1178, 'Цефалексин', 'Cefalexinum'),
(1179, 'Цефуроксим', 'Cefuroxim'),
(1180, 'Цефотаксим', 'Cefotaxim'),
(1181, 'Цефтриаксон', 'Ceftriaxon'),
(1182, 'Цефтазидим', 'Ceftazidime'),
(1183, 'Цефокситин', 'Cefoxitin'),
(1184, 'Цефоперазон', 'Cefoperazone'),
(1185, 'Имипенем', 'Imipenem'),
(1186, 'Тиенам', 'Tienam'),
(1187, 'Тетрациклин', 'Tetracyclinum'),
(1188, 'Тетрациклина гидрохлорид', 'Tetracyclini hydrochloridum'),
(1189, 'Окситетрациклина дигидрат', 'Oxytetracyclini dihydras'),
(1190, 'Окситетрациклина гидрохлорид', 'Oxytetracyclini hydrochloridum'),
(1191, 'Доксициклина гидрохлорид', 'Doxycyclini hydrochloridum'),
(1192, 'Неомицина сульфат', 'Neomycini sulfas'),
(1193, 'Мономицин', 'Monomycinum'),
(1194, 'Канамицин', 'Kanamycinum'),
(1195, 'Гентамицина сульфат', 'Gentamycini sulfas'),
(1196, 'Тобрамицин', 'Tobramycinum'),
(1197, 'Сизомицина сульфат', 'Sisomycini sulfas'),
(1198, 'Амикацина сульфат', 'Amikacini sulfas'),
(1199, 'Эритромицин', 'Erythromycinum'),
(1200, 'Эритромицина фосфат', 'Erythromycini phosphas'),
(1201, 'Эрициклин', 'Erycyclinum'),
(1202, 'Олеандомицина фосфат', 'Oleandomycini phosphas'),
(1203, 'Олететрин', 'Oletetrinum'),
(1204, 'Линкомицина гидрохлорид', 'Lyncomycini hydrochloridum'),
(1205, 'Клиндамицин', 'Clindamycin'),
(1206, 'Левомицетин', 'Laevomycetinum'),
(1207, 'Левомицетина стеарат', 'Laevomycetini stearas'),
(1208, 'Левомицетина сукцинат растворимый', 'Laevomycetini succinas solubile'),
(1209, 'Левовинизоль', 'Laevovinisolu'),
(1210, 'Ируксол', 'Iruxol'),
(1211, 'Синтомицин', 'Synthomycinum'),
(1212, 'Рифамицин SV', 'Rifamycin SV'),
(1213, 'Ристомицина сульфат', 'Ristomycini sulfas'),
(1214, 'Фузидин-натрий', 'Fusidinum-natrium'),
(1215, 'Полимиксина м сульфат', 'Polymyxini M sulfas'),
(1216, 'Полимиксина в сульфат', 'Polymyxini B sulfas'),
(1217, 'Грамицидин', 'Gramicidinum'),
(1218, 'Гелиомицин', 'Heliomycinum'),
(1219, 'Нистатин', 'Nystatinum'),
(1220, 'Леворин', 'Levorinum'),
(1221, 'Леворина натриевая соль', 'Levorinum-natrium'),
(1222, 'Амфотерицин в', 'Amphotericinum B'),
(1223, 'Амфоглюкамин', 'Amphoglucaminum'),
(1224, 'Микогептин', 'Mycoheptinum'),
(1225, 'Примицин', 'Primycin'),
(1226, 'Стрептоцид', 'Streptocidum'),
(1227, 'Стрептоцид растворимый', 'Streptocidum solubile'),
(1228, 'Норсульфазол', 'Norsulfazolum'),
(1229, 'Норсульфазол-натрий', 'Norsulfazolum-natrium'),
(1230, 'Сульфазин', 'Sulfazinum'),
(1232, 'Сульфаргин', 'Sulfarginum'),
(1233, 'Сульфадимезин', 'Sulfadimezinum'),
(1234, 'Этазол', 'Aethazolum'),
(1235, 'Этазол-натрий', 'Aethazolum-natrium'),
(1236, 'Сульфацил-натрий', 'Sulfacylum-natrium'),
(1237, 'Уросульфан', 'Urosulfanum'),
(1238, 'Сульфапиридазин', 'Sulfapyridazinum'),
(1239, 'Сульфапиридазин-натрий', 'Sulfapyridazinum-natrium'),
(1240, 'Сульфамонометоксин', 'Sulfamonomethoxinum'),
(1241, 'Сульфадиметоксин', 'Sulfadimethoxinum'),
(1242, 'Сульфален', 'Sulfalenum'),
(1243, 'Сульфален-меглюмин', 'Sulfalenum-megluminum'),
(1244, 'Ко-тримоксазол', 'Co-trimoxazolum'),
(1245, 'Сульфатон', 'Sulfatonum'),
(1246, 'Лидаприм', 'Lidaprim'),
(1247, 'Сульгин', 'Sulginum'),
(1248, 'Фталазол', 'Phthalazolum'),
(1249, 'Фтазин', 'Phthazinum'),
(1250, 'Мафенид', 'Maphenidum'),
(1251, 'Альгимаф', 'Algimafum'),
(1252, 'Сульфасалазин', 'Sulfasalazine'),
(1253, 'Салазопиридазин', 'Salazopyridazinum'),
(1254, 'Салазодиметоксин', 'Salazodimethoxinum'),
(1255, 'Хинозол', 'Chinosolum'),
(1256, 'Хлорхинальдол', 'Chlorchinaldolum'),
(1257, 'Интестопан', 'Intestopanum'),
(1258, 'Нитроксолин', 'Nitroxolinum'),
(1259, 'Хиниофон', 'Chiniofonum'),
(1260, 'Дермозолон', 'Dermosolon'),
(1261, 'Налидиксовая кислота', 'Acidum nalidixicum'),
(1262, 'Оксолиниевая кислота', 'Acidum oxolinicum'),
(1263, 'Пипемидиевая кислота', 'Acidum pipemidiecum'),
(1264, 'Пефлоксацин', 'Pefloxacinum'),
(1265, 'Офлоксацин', 'Ofloxacinum'),
(1266, 'Ципрофлоксацин', 'Ciprofloxacinum; Ciprofloxacine'),
(1267, 'Хиноксидин', 'Chinoxydinum'),
(1268, 'Диоксидин', 'Dioxydinum'),
(1270, 'Диоксипласт', 'Aerosolum Dioxyplast'),
(1271, 'Фурацилин', 'Furacilinum'),
(1272, 'Фурапласт', 'Furaplastum cum Perchlorvinylo'),
(1274, 'Мазь Фастин', 'Unguentum Fastinum'),
(1275, 'Фулевил', 'Fulevilum'),
(1276, 'Лифузоль', 'Lifusolum'),
(1277, 'Альгипор', 'Algiporum'),
(1278, 'Фуразолидон', 'Furazolidonum'),
(1279, 'Фуразолин', 'Furazolinum'),
(1280, 'Фурадонин', 'Furadoninum'),
(1281, 'Фурагин', 'Furaginum'),
(1282, 'Фурагин растворимый', 'Furaginum solubile'),
(1283, 'Мазь хинифурила', 'Unguentum Chinifurili'),
(1284, 'Изониазид', 'Isoniazidum'),
(1285, 'Фтивазид', 'Phthivazidum'),
(1286, 'Салюзид', 'Saluzidum'),
(1287, 'Салюзид растворимый', 'Saluzidum solubile'),
(1288, 'Метазид', 'Methazidum'),
(1289, 'Этионамид', 'Ethionamidum'),
(1290, 'Протионамид', 'Protionamidum'),
(1291, 'Натрия пара-аминосалицилат', 'Natrii para-aminosalicylas'),
(1292, 'Бепаск', 'Bepascum'),
(1293, 'Стрептомицина сульфат', 'Streptomycini sulfas'),
(1294, 'Стрептосалюзид', 'Streptosaluzidum'),
(1295, 'Стрептомицин-хлоркальциевый комплекс', 'Streptomycini et Calcii chloridum'),
(1296, 'Пасомицин', 'Pasomicinum'),
(1297, 'Рифампицин', 'Rifampicinum'),
(1298, 'Циклосерин', 'Cycloserinum'),
(1299, 'Флоримицина сульфат', 'Florimycini sulfas'),
(1300, 'Этамбутол', 'Ethambutolum'),
(1301, 'Пиразинамид', 'Pirazinamidum'),
(1302, 'Тиоацетазон', 'Thioacetazonum'),
(1303, 'Солютизон', 'Soluthizonum'),
(1304, 'Диафенилсульфон', 'Diaphenylsulfonum'),
(1305, 'Солюсульфон', 'Solusulfonum'),
(1306, 'Диуцифон', 'Diuciphonum'),
(1307, 'Интерферон', 'Interferonum'),
(1308, 'Реаферон', 'Reaferonum'),
(1309, 'Ацикловир', 'Aciclovir'),
(1310, 'Ганцикловир', 'Ganciclovir'),
(1311, 'Рибамидил', 'Ribamidil'),
(1312, 'Зидовудин', 'Zidovudine'),
(1313, 'Метисазон', 'Methisazonum'),
(1314, 'Идоксуридин', 'Idoxuridine'),
(1315, 'Ремантадин', 'Remantadinum'),
(1316, 'Адапромин', 'Adaprominum'),
(1317, 'Дейтифорин', 'Deitiforinum'),
(1318, 'Бонафтон', 'Bonaphtonum'),
(1319, 'Арбидол', 'Arbidolum'),
(1320, 'Оксолин', 'Oxolinum'),
(1321, 'Теброфен', 'Tebrophenum'),
(1322, 'Риодоксол', 'Riodoxolum'),
(1323, 'Флореналь', 'Florenalum'),
(1324, 'Флакозид', 'Flacosidum'),
(1325, 'Алпизарин', 'Alpisarinum'),
(1326, 'Хелепин', 'Helepinum'),
(1327, 'Мегосин', 'Megosinum'),
(1328, 'Госсипол', 'Gossypolum'),
(1329, 'Хингамин', 'Chingaminum'),
(1330, 'Гидроксихлорохин', 'Hydroxychloroquinum'),
(1331, 'Хлоридин', 'Chloridinum'),
(1332, 'Бигумаль', 'Bigumalum'),
(1333, 'Акрихин', 'Acrichinum'),
(1334, 'Хинин', 'Chininum'),
(1335, 'Примахин', 'Primachinum'),
(1336, 'Хиноцид', 'Chinocidum'),
(1337, 'Метронидазол', 'Metronidazolum'),
(1338, 'Метронидазолгемисукцинат', 'Metronidazolhemisuccinas'),
(1339, 'Тинидазол', 'Tinidazole'),
(1340, 'Нитазол', 'Nitazolum'),
(1342, 'Октилин', 'Octilinum'),
(1343, 'Солюсурьмин', 'Solusurminum'),
(1344, 'Аминохинол', 'Aminochinolum'),
(1345, 'Эметина гидрохлорид', 'Emetini hydrochloridum'),
(1346, 'Миарсенол', 'Myarsenolum'),
(1347, 'Осарсол', 'Osarsolum'),
(1348, 'Бийохинол', 'Biiochinolum'),
(1349, 'Бисмоверол', 'Bismoverolum'),
(1350, 'Гризеофульвин', 'Griseofulvinum'),
(1351, 'Клотримазол', 'Clotrimazole'),
(1352, 'Кетоконазол', 'Ketoconazole'),
(1353, 'Миконазол', 'Miconazole'),
(1354, 'Микозолон', 'Mycosolon'),
(1355, 'Тербинафин', 'Terbinafine'),
(1356, 'Флуконазол', 'Fluconazole'),
(1357, 'Декамин', 'Decaminum'),
(1358, 'Мазь Цинкундан', 'Unguentum Zincundanum'),
(1359, 'Мазь Ундецин', 'Unguentum Undecinum'),
(1360, 'Микосептин', 'Mycoseptin'),
(1361, 'Хинофунгин', 'Chinofungin'),
(1362, 'Нихлофен', 'Nichlophenum'),
(1363, 'Октицил', 'Octicylum'),
(1364, 'Анмарин', 'Anmarinum'),
(1365, 'Пластырь эпилиновый', 'Emplastrum Epilini'),
(1366, 'Пиперазин', 'Piperazinum'),
(1367, 'Нафтамон', 'Naphthammonum'),
(1368, 'Дифезил', 'Diphezylum'),
(1369, 'Мебендазол', 'Mebendazolum'),
(1370, 'Медамин', 'Medaminum'),
(1371, 'Пирантел', 'Pyrantel'),
(1372, 'Дитиазанин', 'Dithiazaninum'),
(1373, 'Пирвиний памоат', 'Pyrvinii pamoas'),
(1374, 'Цветки полыни цитварной', 'Flores Cinae'),
(1375, 'Цветки пижмы', 'Flores Tanaceti vulgaris'),
(1376, 'Фенасал', 'Phenasalum'),
(1377, 'Аминоакрихин', 'Aminoacrichinum'),
(1378, 'Семена тыквы', 'Semina Cucurbitae'),
(1379, 'Хлоксил', 'Chloxylum'),
(1380, 'Празиквантель', 'Praziquantel'),
(1381, 'Антимонил-натрия тартрат', 'Stibii et Natrii tartras'),
(1382, 'Дитразина цитрат', 'Ditrazini citras'),
(1383, 'Хлорамин б', 'Chloraminum B'),
(1384, 'Пантоцид', 'Pantocidum'),
(1385, 'Хлоргексидин', 'Chlorhexidinum'),
(1386, 'Йодоформ', 'Iodoformium'),
(1387, 'Йодинол', 'Iodinolum'),
(1388, 'Йодонат', 'Iodonatum'),
(1389, 'Йодопирон', 'Iodopironum'),
(1390, 'Йодовидон', 'Iodovidonum'),
(1391, 'Раствор перекиси водорода концентрирован', 'Solutio Hydrogeniiperoxydi concentrata'),
(1392, 'Раствор перекиси водорода', 'Solutio Hydrogenii peroxidi diluta'),
(1393, 'Гидроперит', 'Hydroperitum'),
(1394, 'Калия перманганат', 'Kalii permanganas'),
(1395, 'Салициловая кислота', 'Acidum salicylicum'),
(1396, 'Бензойная кислота', 'Acidum benzoicum'),
(1397, 'Бензилбензоат', 'Bebzylii benzoas medicinalis'),
(1398, 'Бензоилпероксид', 'Benzoylperoxidum'),
(1399, 'Борная кислота', 'Acidum boricum'),
(1400, 'Натрия тетраборат', 'Natrii tetraboras'),
(1401, 'Пиоцид', 'Pyocidum'),
(1402, 'Таблетки Трацептин', 'Tabulettae Traceptinum'),
(1403, 'Раствор формальдегида', 'Solutio Formaldehydi'),
(1404, 'Лизоформ', 'Lysoformium'),
(1405, 'Гексаметилентетрамин', 'Hexamethylentetraminum'),
(1406, 'Циминаль', 'Ciminalum'),
(1407, 'Цимезоль', 'Cimesolum'),
(1408, 'Цидипол', 'Cidipolum'),
(1409, 'Спирт этиловый', 'Spiritus aethylicus'),
(1410, 'Ртути дихлорид', 'Hydrargyri dichloridum'),
(1411, 'Ртути оксицианид', 'Hydrargyri oxycyanidum'),
(1412, 'Мазь ртутная серая', 'Unguentum Hydrargyri cinereum'),
(1413, 'Ртути амидохлорид', 'Hydrargyri amidochloridum'),
(1414, 'Ртути окись желтая', 'Hydrargyri oxydum flavum'),
(1415, 'Ртути монохлорид', 'Hydrargyri monochloridum'),
(1416, 'Серебра нитрат', 'Argenti nitras'),
(1417, 'Протаргол', 'Protargolum'),
(1418, 'Колларгол', 'Collargolum'),
(1419, 'Меди сульфат', 'Cupri sulfas'),
(1420, 'Цинка сульфат', 'Zinci sulfas'),
(1421, 'Цинка окись', 'Zinci oxydum'),
(1422, 'Пластырь свинцовый простой', 'Emplastrum diachylon simplex'),
(1423, 'Пластырь свинцовый сложный', 'Emplastrum Plumbi compositum'),
(1424, 'Мазь диахильная', 'Unguentum diachylon'),
(1425, 'Фенол', 'Phenolum Acidum carbolicum'),
(1426, 'Трикрезол', 'Tricresolum'),
(1427, 'Ферезол', 'Pheresolum'),
(1428, 'Резорцин', 'Resorcinum'),
(1429, 'Фенилсалицилат', 'Phenylii salicylas'),
(1430, 'Ваготил', 'Vagotil'),
(1431, 'Метиленовый синий', 'Methylenum coeruleum'),
(1432, 'Бриллиантовый зеленый', 'Viride nitens'),
(1433, 'Этакридина лактат', 'Aethacridini lactas'),
(1434, 'Церигель', 'Cerigelum'),
(1435, 'Дегмицид', 'Degmicidum'),
(1436, 'Этоний', 'Aethonium'),
(1437, 'Декаметоксин', 'Decamethoxinum'),
(1438, 'Роккал', 'Roccal'),
(1439, 'Мыло зеленое', 'Sapo viridis'),
(1440, 'Спирт мыльный', 'Spiritus saponatus'),
(1441, 'Спирт мыльный сложный', 'Spiritus saponatus compositus'),
(1442, 'Деготь березовый', 'Pix liquida Betulae, Oleum Rusci'),
(1443, 'Ихтиол', 'Ichthyolum'),
(1444, 'Нефть нафталанская рафинированная', 'Naphthalanum liquidum raffinatum'),
(1445, 'Парафин твердый', 'Paraffinum solidum'),
(1446, 'Озокерит медицинский', 'Ozokeritum medicinalis'),
(1447, 'Винизоль', 'Vinisolum'),
(1448, 'Цигерол', 'Cygerolum'),
(1449, 'Цитраль', 'Citralum'),
(1450, 'Сера осажденная', 'Sulfur praecipitatum'),
(1451, 'Сульфодекортэм', 'Sulfodecortemum'),
(1452, 'Сера очищенная', 'Sulfur depuratum'),
(1453, 'Сульсен', 'Sulsenum'),
(1454, 'Натрия-уснинат', 'Natrii usninas'),
(1455, 'Новоиманин', 'Novoimaninum'),
(1456, 'Сангвиритрин', 'Sanguiritrinum'),
(1457, 'Эвкалимин', 'Eucaliminum'),
(1458, 'Хлорофиллипт', 'Chlorophylliptum'),
(1459, 'Аренарин', 'Arenarinum'),
(1460, 'Лизоцим', 'Lysocim'),
(1461, 'Бализ-2', 'Balysum-2'),
(1462, 'Эктерицид', 'Ectericidum'),
(1463, 'Томицид', 'Tomicidum'),
(1464, 'Препарат-АСД-3', ''),
(1465, 'Цветки ноготков', 'Flores Calendulae officinalis'),
(1466, 'Настойка софоры японской', 'Tinctura Sophorae japonicae'),
(1467, 'Сбор Элкасол', 'Species Elecasolum'),
(1468, 'Аллилчеп', 'Allilcepum'),
(1469, 'Перметрин', 'Permethrin'),
(1470, 'Эмбихин', 'Embichinum'),
(1471, 'Допан', 'Dopanum'),
(1472, 'Бендамустина гидрохлорид', 'Bendamustine hydrochloride'),
(1473, 'Хлорбутин', 'Chlorbutinum'),
(1474, 'Сарколизин', 'Sarcolysinum'),
(1475, 'Лофенал', 'Lophenalum'),
(1476, 'Пафенцил', 'Paphencylum'),
(1477, 'Дегранол', 'Degranol'),
(1478, 'Циклофосфан', 'Cyclophosphanum'),
(1479, 'Проспидин', 'Prospidinum'),
(1480, 'Спиробромин', 'Spirobrominum'),
(1481, 'Тиофосфамид', 'Thiophosphamidum'),
(1482, 'Бензотэф', 'Benzotephum'),
(1483, 'Фторбензотэф', 'Phthorbenzotephum'),
(1484, 'Дипин', 'Dipinum'),
(1485, 'Фосфемид', 'Phosphemidum'),
(1486, 'Имифос', 'Imiphosum'),
(1487, 'Гексафосфамид', 'Hexaphosphamidum'),
(1488, 'Фотрин', 'Photrinum'),
(1489, 'Продимин', 'Prodiminum'),
(1490, 'Миелосан', 'Myelosanum'),
(1491, 'Миелобромол', 'Myelobromolum'),
(1492, 'Нитрозометилмочевина', 'Nitrosomethylurea'),
(1493, 'Дакарбазин', 'Dacarbazine'),
(1494, 'Метотрексат', 'Methotrexatum'),
(1495, 'Меркаптопурин', 'Mercaptopurinum'),
(1496, 'Тиогуанин', 'Thioguaninum'),
(1497, 'Фопурин', 'Phopurinum'),
(1498, 'Фторурацил', 'Phthoruracilum'),
(1499, 'Фторафур', 'Phthorafurum'),
(1500, 'Цитарабин', 'Cytarabinum'),
(1501, 'Цисплатин', 'Cisplatin'),
(1502, 'Платин', 'Platinum'),
(1503, 'Прокарбазин', 'Procarbazin'),
(1504, 'Гидроксимочевина', 'Hydroxyurea'),
(1505, 'Митоксантрон', 'Mitoxantrone'),
(1506, 'Винбластин', 'Vinblastinum'),
(1507, 'Винкристин', 'Vincristine'),
(1508, 'Колхамин', 'Colchaminum'),
(1509, 'Мазь колхаминовая 0,5 %', 'Unguentum Colchamini 0,5 %'),
(1510, 'Подофиллин', 'Podophyllinum'),
(1511, 'Этопозид', 'Etoposide'),
(1512, 'Дактиномицин', 'Dactinomycinum'),
(1513, 'Рубомицина гидрохлорид', 'Rubomycini hydrochloridum'),
(1514, 'Доксорубицина гидрохлорид', 'Doxorubicini hydrochloridum'),
(1515, 'Карминомицин', 'Carminomycinum'),
(1516, 'Оливомицин', 'Olivomycinum'),
(1517, 'Брунеомицин', 'Bruneomycinum'),
(1518, 'Митомицин', 'Mitomycin'),
(1519, 'Реумицин', 'Reumycinum'),
(1520, 'Блеомицин', 'Bleomycinum'),
(1521, 'Блеомицетина гидрохлорид', 'Bleomycetini hydrochloridum'),
(1522, 'L-аспарагиназа', 'Asparaginasum'),
(1523, 'Медротестрона пропионат', 'Medrotestroni propionas'),
(1524, 'Пролотестон', 'Prolotestonum'),
(1525, 'Фосфэстрол', 'Phosphoestrolum'),
(1526, 'Хлортрианизен', 'Chlortrianisenum'),
(1527, 'Полиэстрадиол-фосфат', 'Polyestradiol phosphate'),
(1528, 'Эстрацит', 'Estracyt'),
(1529, 'Гестоноронкапроат', 'Gestonoroncaproat'),
(1530, 'Медроксипрогестерона ацетат', 'Medroxyprogesterone acetate'),
(1531, 'Тамоксифен', 'Tamoxifenum'),
(1532, 'Торемифен', 'Toremifene'),
(1533, 'Флутамид', 'Flutamide'),
(1534, 'Ципротерон', 'Cyproterone acetate'),
(1535, 'Хлодитан', 'Chloditanum'),
(1536, 'Аминоглутетимид', 'Aminoglutethimide'),
(1553, 'Лимонтар', 'Limontar'),
(1554, 'Рифатироин', 'Rifathyroinum'),
(1558, 'Октреотид', 'Octreotide'),
(1572, 'Зуклопентиксол', 'Zuclopentixol'),
(1573, 'Зуклопентиксола деканоат', 'Zuclopentixole decanoate'),
(1575, 'Хофитол', 'Chophytol'),
(1576, 'Метациклина гидрохлорид', 'Metacyclini hydrochloridum'),
(1578, 'Амисульприд', 'Amisulpride'),
(1583, 'Бромазепам', 'Bromazepam'),
(1585, 'Буспирон', 'Buspirone'),
(1587, 'Гидроксизин', 'Hydroxyzine'),
(1590, 'Деманол', 'Demanolum'),
(1592, 'Доксепин', 'Doxepine'),
(1596, 'Кветиапин', 'Quetiapine'),
(1598, 'Клоразепат', 'Clorazepate'),
(1602, 'Мемоплант', 'Memoplant'),
(1603, 'Миансерин', 'Mianserin'),
(1604, 'Милнаципран', 'Milnacipran'),
(1605, 'Миртазапин', 'Mirtazipine'),
(1612, 'Оланзапин', 'Olanzapine'),
(1614, 'Пароксетин', 'Paroxetine'),
(1620, 'Ребоксетин', 'Reboxetine'),
(1622, 'Рисперидон', 'Risperidone'),
(1624, 'Сертралин', 'Sertraline'),
(1626, 'Сультоприд', 'Sultopride'),
(1629, 'Тетразепам', 'Tetrazepam'),
(1630, 'Тианептин', 'Tianeptine'),
(1638, 'Флупентиксол', 'Flupentixol'),
(1644, 'Циталопрам', 'Citalopram'),
(1645, 'Эстазолам', 'Estazolam'),
(1647, 'Азеластин', 'Azelastine'),
(1648, 'Акривастатин', 'Acrivastatine'),
(1653, 'Бамипин', 'Bamipine'),
(1659, 'Диметинден', 'Dimetindene'),
(1664, 'Каберголин', 'Cabergolin'),
(1670, 'Левокабастин', 'Levocabastine'),
(1672, 'Лоратадин', 'Loratadine'),
(1676, 'Меклозин', 'Meclozine'),
(1685, 'Оксиметазолин', 'Oxymetazoline'),
(1699, 'Терфенадин', 'Terfenadine'),
(1700, 'Тетризолин', 'Tetryzolin'),
(1701, 'Фексофенадин', 'Fexofenadine'),
(1702, 'Фенспирид', 'Fenspiride'),
(1706, 'Цетиризин', 'Cetirizine'),
(1707, 'Эбастин', 'Ebastine'),
(1754, 'Детралекс', 'Detralex'),
(1780, 'Алклометазон', 'Alclometasone'),
(1783, 'Будесонид', 'Budesonidum'),
(1798, 'Ингакорт', 'Ingacort'),
(1802, 'Клобетазол', 'Clobetasol'),
(1806, 'Ланреотид', 'Lanreotide'),
(1815, 'Метилпреднизолона ацепонат', 'Methylprednisolone aceponate'),
(1820, 'Мометазон', 'Mometasone'),
(1834, 'Ультралан', 'Ultralan'),
(1835, 'Урофоллитропин', 'Urofollitropin'),
(1839, 'Флутиказон', 'Fluticasone'),
(1848, 'Азлоциллина натриевая соль', 'Azlocillinum sodium'),
(1853, 'Амоксиклав', 'Amoxyclav'),
(1854, 'Амоксициллин', 'Amoxicillin'),
(1858, 'Бакампициллин', 'Bacampicillin'),
(1862, 'Бициллин-3', 'Bicillinum-3'),
(1899, 'Метадоксин', 'Metadoxine'),
(1909, 'Пиперациллин', 'Piperacillin'),
(1910, 'Полибиолин', 'Polybiolinum'),
(1912, 'Полиоксидоний', 'Polyoxidonium'),
(1913, 'Полисорб МП', 'Polysorbum MP'),
(1922, 'Терридеказа', 'Terridecasum'),
(1932, 'Фруктоза', 'Fructose'),
(1942, 'Азитромицин', 'Azithromycinum'),
(1943, 'Азтреонам', 'Aztreonam'),
(1957, 'Ванкомицин', 'Vancomycin'),
(1988, 'Кларитромицин', 'Clarithromycin'),
(1993, 'Левофлоксацин', 'Levofloxacin'),
(1997, 'Ломефлоксацин', 'Lomefloxacin'),
(2001, 'Меропенем', 'Meropenem'),
(2003, 'Мидекамицин', 'Midecamycin'),
(2005, 'Моксифлоксацин', 'Moxifloxacin'),
(2029, 'Рокситромицин', 'Roxithromycin'),
(2032, 'Спарфлоксацин', 'Sparfloxacin'),
(2033, 'Спектиномицин', 'Spectinomycin'),
(2036, 'Сульперазон', 'Sulperazonum'),
(2037, 'Тазоцин', 'Tazocin'),
(2038, 'Тейкопланин', 'Teicoplanin'),
(2040, 'Тиментин', 'Timentin'),
(2051, 'Фосфомицин трометамин', 'Fosmomycin tromethamine'),
(2053, 'Фузафунгин', 'Fusafungine'),
(2054, 'Цефадроксил', 'Cefadroxil'),
(2055, 'Цефаклор', 'Cefaclor'),
(2056, 'Цефепим', 'Cefepim'),
(2057, 'Цефметазол', 'Cefmetazole'),
(2058, 'Цефодизим', 'Cefodizime'),
(2059, 'Цефпиром', 'Cefpirom'),
(2080, 'Менотропины', 'Menotropins'),
(2082, 'Декспантенол', 'Dexpanthenol'),
(2084, 'Лакрисин', 'Lacrisyn'),
(2085, 'Метамизол натрия', 'Metamizole sodium'),
(2133, 'Нафазолин', 'Naphazoline'),
(2217, 'Линекс', 'Linex'),
(2238, 'Агри - Антигриппин гомеопатический', 'Agri - Antigrippin homeopatic'),
(2239, 'Агри детский - Антигриппин гомеопатический для детей', 'Agri for kids - Antigrippin homeopatic for kids'),
(2251, 'Бактисубтил', 'Bactisubtil'),
(2275, 'Нифуроксазид', 'Нифуроксазид'),
(2362, 'Фезам', 'Phezam'),
(2386, 'Амбене', 'Ambene'),
(2396, 'Галстена', 'Galstena'),
(2399, 'Эриус', 'Aerius'),
(2403, 'Деринат', 'Derinat'),
(2417, 'Нейромультивит', 'Neuromultivit'),
(2418, 'Ауробин', 'Aurobin'),
(2422, 'Дюфалак', 'Duphalac'),
(2423, 'Порталак', 'Portalak'),
(2424, 'Лактулоза Поли', 'Lactulose Poli'),
(2425, 'Темпалгин', 'Tempalgin'),
(2426, 'Кэмпас', 'Campath'),
(2427, 'Пренацид', 'Prenacid'),
(2428, 'Спрегаль', 'Spregal'),
(2432, 'Декстран', 'Dextran'),
(2446, 'Неовир', 'Neovir'),
(2447, 'Дезоксинат', 'Desoxynatum'),
(2448, 'Скин-кап', 'Skin-cap'),
(2449, 'Фридерм цинк', 'Friderm zinc'),
(2452, 'Отипакс', 'Otipax'),
(2453, 'Солковагин', 'Solcovagyn'),
(2455, 'Солкодерм', 'Solcoderm'),
(2460, 'Седальгин-Нео', 'Sedalgin-Neo'),
(2462, 'КАНЕФРОН, BIONORICA GmbH', 'CANEPHRON, BIONORICA GmbH'),
(2463, 'Пилобакт', 'Pylobact'),
(2465, 'Флексен', 'Flexen'),
(2466, 'Метрогил', 'Metrogyl'),
(2467, 'Цитофлавин', 'Cytoflavinum'),
(2468, 'Омез', 'Omez'),
(2469, 'Беклометазон', 'Beclometasone'),
(2470, 'Смекта', 'Smecta'),
(2477, 'Мексикор', 'Mexicor'),
(2479, 'Никошпан', 'Nicospan'),
(2482, 'Оциллококцинум', 'Oscillococcinum'),
(2484, 'Зинерит', 'Zineryt'),
(2495, 'Тенорик', 'Tenoric'),
(2496, 'Колме', 'Colme'),
(2497, 'Лидевин', 'Lidevine'),
(2500, 'Гликодин', 'Glycodin'),
(2501, 'Атуссин', 'Atussinum'),
(2502, 'Коделак', 'Codelacum'),
(2504, 'Бронхоцин', 'Bronchocin'),
(2506, 'Труксал', 'Truxal'),
(2507, 'Макмирор', 'Macmiror'),
(2508, 'Кромогексал', 'CromoHEXAL'),
(2510, 'Кагоцел', 'Kagocel'),
(2511, 'Кипферон', 'Kipferon'),
(2512, 'Тобрадекс', 'Tobradex'),
(2513, 'Офтагель', 'Ophtagel'),
(2514, 'Аскорил экспекторант', 'Ascoril expectorant'),
(2515, 'Элюдрил', 'Eludril'),
(2516, 'Энтерол', 'Enterol'),
(2517, 'Хемомицин', 'Hemomycin'),
(2518, 'Лигнин гидролизный', 'Lignin hydrolised'),
(2520, 'Лавомакс', 'Lavomax'),
(2521, 'Вестибо', 'Vestibo'),
(2522, 'Пиносол', 'Pinosol'),
(2523, 'Камистад', 'Kamistad'),
(2525, 'Проктоседил М', 'Proctosedyl M'),
(2529, 'Холисал', 'Cholisal'),
(2538, 'Деситин', 'Desitin'),
(2545, 'Ринза', 'Rinza'),
(2546, 'Паркон', 'Parkon'),
(2547, 'Нео-Теофедрин', 'Neo-Theophedrinum'),
(2551, 'Офтальмоферон', 'Ophtalmoferon'),
(2552, 'Синемет', 'Sinemet'),
(2557, 'Спазмекс', 'Spasmex'),
(2559, 'Омнадрен', 'Omnadren'),
(2563, 'Химколин', 'Himcolin'),
(2566, 'Спеман', 'Speman'),
(2571, 'Бактробан', 'Bactroban'),
(2573, 'Юниэнзим с МПС', 'Unienzym with MPS'),
(2574, 'Йокс', 'Jox'),
(2576, 'Бифиформ', 'Bifiform'),
(2581, 'Энаренал', 'Enarenal'),
(2582, 'Луцетам', 'Lucetam'),
(2583, 'Сандиммун-Неорал', 'Sandimmun-Neoral'),
(2584, 'Микосист', 'Mycosyst'),
(2589, 'Кардиомагнил', 'Cardiomagnyl'),
(2590, 'Глицерол', 'Glycerol'),
(2594, 'Мундизал гель', 'Mundisal gel'),
(2595, 'Бротинум', 'Brotinum'),
(2596, 'Отинум', 'Otinum'),
(2597, 'Сахол', 'Sachol'),
(2600, 'Банеоцин', 'Baneocin'),
(2601, 'Кортомицетин', 'Cortomycetinum'),
(2605, 'Пантокальцин', 'Pantocalcin'),
(2606, 'Оксибрал', 'Oxybral'),
(2607, 'Регидрон', 'Rehydron'),
(2609, 'Ирунин', 'Irunine'),
(2612, 'Колдакт', 'Coldact'),
(2613, 'Колдакт Бронхо', 'Coldact Broncho'),
(2618, 'Дормиплант', 'Dormiplant'),
(2628, 'Мотилак', 'Motilak'),
(2629, 'Мотилиум', 'Motilium'),
(2632, 'Тотема', 'Tot`hema'),
(2634, 'Насобек', 'Nasobec'),
(2635, 'Ярина', 'Yarina'),
(2642, 'Гинкор форт', 'Ginkor fort'),
(2643, 'Гинкор гель', 'Ginkor gel'),
(2644, 'Гинкор прокто', 'Ginkor procto'),
(2646, 'Симбалта', 'Cymbalta'),
(2648, 'Логимакс', 'Logimax'),
(2650, 'Тимьян', 'Thyme'),
(2651, 'Тимьяна масло', 'Thyme oil'),
(2654, 'Туссамаг', 'Tussamag'),
(2655, 'Туссамаг бальзам', 'Tussamag balsam'),
(2656, 'Опатанол', 'Opatanol'),
(2658, 'Ирифрин', 'Irifrin'),
(2660, 'Септолете', 'Septolete'),
(2663, 'Полидекса', 'Polydexa'),
(2665, 'Микразим', 'Micrasim'),
(2667, 'Супракс', 'Suprax'),
(2669, 'Антистакс', 'Antistax'),
(2670, 'Эролин', 'Erolin'),
(2682, 'Терпинкод', 'Terpincodum'),
(2683, 'Лонгидаза', 'Longidaza'),
(2684, 'Тиотриазолин', 'Thiotriasolinum'),
(2685, 'Солутан', 'Solutan'),
(2686, 'Дексалгин 25', 'Dexalgin 25'),
(2687, 'Витапрост', 'Vitaprostum'),
(2690, 'Салофальк', 'Salofalk'),
(2691, 'Месакол', 'Mesacol'),
(2692, 'Пентаса', 'Pentasa'),
(2693, 'Кальций-Д3 Никомед', 'Calcium-D3 Nycomed'),
(2694, 'Ринасек', 'Rinasek'),
(2695, 'Ципромед', 'Cipromed'),
(2697, 'Риссет', 'Risset'),
(2698, 'Прегабалин', 'Pregabalin'),
(2701, 'АЦЦ', 'ACC'),
(2703, 'Барбовал', 'Barbovalum'),
(2704, 'Контрактубекс', 'Contractubex'),
(2706, 'Гриппол', ''),
(2710, 'Пиаскледин', ''),
(2712, 'Эуфорбиум композитум Назентропфен С', 'Euphorbium compositum Nasentropfen S'),
(2713, 'Флорацид', 'Floracyd'),
(2717, 'Йодантипирин', 'Iodantipyrin'),
(2718, 'Афала', 'Afala'),
(2720, 'Сафоцид', 'Safocid'),
(2722, 'Псорилом', 'Psorilom'),
(2726, 'Мексиприм', 'Mexiprim'),
(2727, 'Зиннат', 'Zinnat'),
(2737, 'Рексетин', 'Rexetin'),
(2739, 'Олестезин', 'Olestesinum'),
(2743, 'Комбигрипп', ''),
(2744, 'Клофранил', 'Clofranil'),
(2747, 'Веро-амлодипин', 'Vero-amlodipine'),
(2748, 'Офтан Катахром', 'Oftan Catachrom'),
(2749, 'Урологический (мочегонный) сбор', 'Species urologicae (diureticae)'),
(2751, 'Прокто-Гливенол', 'Procto-Glyvenol'),
(2752, 'Лекролин', 'Lecrolyn'),
(2753, 'Зомиг', 'Zomig'),
(2754, 'Бронхипрет', 'Bronchipret'),
(2755, 'Кардонит', 'Kardonit'),
(2756, 'Триакутан', 'Triacutan'),
(2760, 'Изопринозин', 'Isoprinosine'),
(2763, 'Диабетон', 'Diabeton'),
(2765, 'Инвега', 'Invega'),
(2774, 'Лопедиум', 'Lopedium'),
(2778, 'Макситрол', 'Maxitrol'),
(2781, 'Баларпан', 'Balarpan'),
(2782, 'Сабельник-Эвалар', ''),
(2784, 'Цитовир-3', 'Cytovir-3'),
(2785, 'Бекарбон', 'Becarbonum'),
(2796, 'Цель Т', 'Zeel T'),
(2797, 'Траумель С', 'Traumeel S'),
(2798, 'Дискус композитум', 'Discus compositum'),
(2825, 'Арутимол', 'Arutimol'),
(2843, 'Редуксин', 'Reduksin'),
(2858, 'Тримедат', 'Trimedat');

--
-- Ограничения внешнего ключа сохраненных таблиц
--

--
-- Ограничения внешнего ключа таблицы `parameters`
--
ALTER TABLE `parameters`
  ADD CONSTRAINT `parameter_types_id_FK_1` FOREIGN KEY (`parameter_type_id`) REFERENCES `parameter_types` (`id`) ON DELETE CASCADE ON UPDATE CASCADE,
  ADD CONSTRAINT `parameter_types_id_FK_2` FOREIGN KEY (`patient_id`) REFERENCES `patients` (`id`) ON DELETE CASCADE ON UPDATE CASCADE,
  ADD CONSTRAINT `parameter_types_id_FK_6` FOREIGN KEY (`parameter_norm_id`) REFERENCES `parameter_norms` (`id`) ON DELETE CASCADE ON UPDATE CASCADE,
  ADD CONSTRAINT `preparation_id_FK_3` FOREIGN KEY (`preparation_id`) REFERENCES `preparations` (`id`) ON DELETE CASCADE ON UPDATE CASCADE;

--
-- Ограничения внешнего ключа таблицы `parameter_norms`
--
ALTER TABLE `parameter_norms`
  ADD CONSTRAINT `parameter_types_id_FK_5` FOREIGN KEY (`parameter_types_id`) REFERENCES `parameter_types` (`id`) ON DELETE CASCADE ON UPDATE CASCADE,
  ADD CONSTRAINT `patient_id_FK_4` FOREIGN KEY (`patient_id`) REFERENCES `patients` (`id`) ON DELETE CASCADE ON UPDATE CASCADE;

--
-- Ограничения внешнего ключа таблицы `plans`
--
ALTER TABLE `plans`
  ADD CONSTRAINT `parameter_types_id_FK_7` FOREIGN KEY (`patient_id`) REFERENCES `patients` (`id`) ON DELETE CASCADE ON UPDATE CASCADE,
  ADD CONSTRAINT `patient_id_FK_8` FOREIGN KEY (`preparation_id`) REFERENCES `preparations` (`id`) ON DELETE CASCADE ON UPDATE CASCADE;
